<?xml version="1.0" encoding="UTF-8"?>
<gpx creator="https://gpx.studio" version="1.1" xmlns="http://www.topografix.com/GPX/1/1" xmlns:xsi="http://www.w3.org/2001/XMLSchema-instance" xsi:schemaLocation="http://www.topografix.com/GPX/1/1 http://www.topografix.com/GPX/1/1/gpx.xsd http://www.garmin.com/xmlschemas/GpxExtensions/v3 http://www.garmin.com/xmlschemas/GpxExtensionsv3.xsd http://www.garmin.com/xmlschemas/TrackPointExtension/v1 http://www.garmin.com/xmlschemas/TrackPointExtensionv1.xsd http://www.garmin.com/xmlschemas/PowerExtension/v1 http://www.garmin.com/xmlschemas/PowerExtensionv1.xsd http://www.topografix.com/GPX/gpx_style/0/2 http://www.topografix.com/GPX/gpx_style/0/2/gpx_style.xsd" xmlns:gpxtpx="http://www.garmin.com/xmlschemas/TrackPointExtension/v1" xmlns:gpxx="http://www.garmin.com/xmlschemas/GpxExtensions/v3" xmlns:gpxpx="http://www.garmin.com/xmlschemas/PowerExtension/v1" xmlns:gpx_style="http://www.topografix.com/GPX/gpx_style/0/2">
  <metadata>
    <name>50KM_LS PB_ALT</name>
    <author>
      <name>gpx.studio</name>
      <link href="https://gpx.studio"/>
    </author>
  </metadata>
  <wpt lat="0" lon="0">
    <ele>0</ele>
  </wpt>
  <wpt lat="-6.631892" lon="106.904782">
    <ele>644.4080311324902</ele>
    <name>Start/Finish</name>
  </wpt>
  <trk>
    <name>50KM_LS PB_ALT</name>
    <extensions>
      <gpx_style:line>
        <gpx_style:color>ff00f7</gpx_style:color>
        <gpx_style:opacity>0.9</gpx_style:opacity>
      </gpx_style:line>
    </extensions>
    <trkseg>
      <trkpt lat="-6.631898" lon="106.90477">
        <ele>647.3</ele>
      </trkpt>
      <trkpt lat="-6.631629" lon="106.905058">
        <ele>651.15</ele>
      </trkpt>
      <trkpt lat="-6.631524" lon="106.905138">
        <ele>653.61</ele>
      </trkpt>
      <trkpt lat="-6.631504" lon="106.905166">
        <ele>654.08</ele>
      </trkpt>
      <trkpt lat="-6.631492" lon="106.905204">
        <ele>654.35</ele>
      </trkpt>
      <trkpt lat="-6.63149" lon="106.905254">
        <ele>654.42</ele>
      </trkpt>
      <trkpt lat="-6.631516" lon="106.905458">
        <ele>654.46</ele>
      </trkpt>
      <trkpt lat="-6.631514" lon="106.905488">
        <ele>654.43</ele>
      </trkpt>
      <trkpt lat="-6.631512" lon="106.905522">
        <ele>654.39</ele>
      </trkpt>
      <trkpt lat="-6.631491" lon="106.905575">
        <ele>654.69</ele>
      </trkpt>
      <trkpt lat="-6.631466" lon="106.905603">
        <ele>655.04</ele>
      </trkpt>
      <trkpt lat="-6.631426" lon="106.905625">
        <ele>655.83</ele>
      </trkpt>
      <trkpt lat="-6.631315" lon="106.90563">
        <ele>658.35</ele>
      </trkpt>
      <trkpt lat="-6.631038" lon="106.905577">
        <ele>664</ele>
      </trkpt>
      <trkpt lat="-6.630983" lon="106.905567">
        <ele>665.12</ele>
      </trkpt>
      <trkpt lat="-6.630948" lon="106.905702">
        <ele>663.57</ele>
      </trkpt>
      <trkpt lat="-6.630918" lon="106.905772">
        <ele>663.06</ele>
      </trkpt>
      <trkpt lat="-6.630911" lon="106.905812">
        <ele>662.53</ele>
      </trkpt>
      <trkpt lat="-6.630915" lon="106.905841">
        <ele>661.92</ele>
      </trkpt>
      <trkpt lat="-6.630926" lon="106.905863">
        <ele>661.28</ele>
      </trkpt>
      <trkpt lat="-6.630949" lon="106.905879">
        <ele>660.49</ele>
      </trkpt>
      <trkpt lat="-6.63109" lon="106.905923">
        <ele>658.48</ele>
      </trkpt>
      <trkpt lat="-6.63114" lon="106.906045">
        <ele>658.34</ele>
      </trkpt>
      <trkpt lat="-6.631172" lon="106.906088">
        <ele>658.3855977114558</ele>
      </trkpt>
      <trkpt lat="-6.631026353041277" lon="106.90651628399868">
        <ele>663.1875099445825</ele>
      </trkpt>
      <trkpt lat="-6.630971237410492" lon="106.90667835496089">
        <ele>664.5192132473134</ele>
      </trkpt>
      <trkpt lat="-6.631052223218958" lon="106.90712364085357">
        <ele>670.4961738870362</ele>
      </trkpt>
      <trkpt lat="-6.631061638836059" lon="106.90717541092965">
        <ele>671.5239778736595</ele>
      </trkpt>
      <trkpt lat="-6.63105572276737" lon="106.90762806027277">
        <ele>679.622815808309</ele>
      </trkpt>
      <trkpt lat="-6.631054684881462" lon="106.9077074708407">
        <ele>681.7832702297895</ele>
      </trkpt>
      <trkpt lat="-6.63087559209133" lon="106.90812270464562">
        <ele>688.4980784994718</ele>
      </trkpt>
      <trkpt lat="-6.630825204302965" lon="106.9082395307505">
        <ele>689.2878159478751</ele>
      </trkpt>
      <trkpt lat="-6.630700033034216" lon="106.90863857568257">
        <ele>689.7569453519977</ele>
      </trkpt>
      <trkpt lat="-6.630851" lon="106.909013">
        <ele>691.44</ele>
      </trkpt>
      <trkpt lat="-6.630954" lon="106.908968">
        <ele>692.02</ele>
      </trkpt>
      <trkpt lat="-6.631177" lon="106.908833">
        <ele>695.25</ele>
      </trkpt>
      <trkpt lat="-6.631223" lon="106.90882">
        <ele>696.13</ele>
      </trkpt>
      <trkpt lat="-6.631276" lon="106.90882">
        <ele>697.06</ele>
      </trkpt>
      <trkpt lat="-6.631316" lon="106.908782">
        <ele>698.09</ele>
      </trkpt>
      <trkpt lat="-6.631372" lon="106.908707">
        <ele>699.39</ele>
      </trkpt>
      <trkpt lat="-6.631407" lon="106.908646">
        <ele>700.24</ele>
      </trkpt>
      <trkpt lat="-6.63142" lon="106.908605">
        <ele>700.67</ele>
      </trkpt>
      <trkpt lat="-6.631431" lon="106.90852">
        <ele>701.21</ele>
      </trkpt>
      <trkpt lat="-6.631465" lon="106.908493">
        <ele>702.02</ele>
      </trkpt>
      <trkpt lat="-6.631961" lon="106.908544">
        <ele>714.57</ele>
      </trkpt>
      <trkpt lat="-6.631955" lon="106.908898">
        <ele>719.2</ele>
      </trkpt>
      <trkpt lat="-6.631971" lon="106.909027">
        <ele>720.6</ele>
      </trkpt>
      <trkpt lat="-6.632057" lon="106.909102">
        <ele>723.26</ele>
      </trkpt>
      <trkpt lat="-6.632121" lon="106.909134">
        <ele>725.13</ele>
      </trkpt>
      <trkpt lat="-6.632259" lon="106.909123">
        <ele>729.47</ele>
      </trkpt>
      <trkpt lat="-6.632403" lon="106.909096">
        <ele>733.39</ele>
      </trkpt>
      <trkpt lat="-6.632531" lon="106.909027">
        <ele>737.18</ele>
      </trkpt>
      <trkpt lat="-6.632621" lon="106.908965">
        <ele>740.02</ele>
      </trkpt>
      <trkpt lat="-6.632931" lon="106.908841">
        <ele>747.99</ele>
      </trkpt>
      <trkpt lat="-6.632994" lon="106.908866">
        <ele>748.97</ele>
      </trkpt>
      <trkpt lat="-6.63305" lon="106.908911">
        <ele>749.24</ele>
      </trkpt>
      <trkpt lat="-6.633133" lon="106.908946">
        <ele>749.81</ele>
      </trkpt>
      <trkpt lat="-6.633218" lon="106.909">
        <ele>750.36</ele>
      </trkpt>
      <trkpt lat="-6.633333" lon="106.909056">
        <ele>751.8</ele>
      </trkpt>
      <trkpt lat="-6.633453" lon="106.909088">
        <ele>752.31</ele>
      </trkpt>
      <trkpt lat="-6.633543" lon="106.909128">
        <ele>752.55</ele>
      </trkpt>
      <trkpt lat="-6.633597" lon="106.909166">
        <ele>752.49</ele>
      </trkpt>
      <trkpt lat="-6.633681" lon="106.909324">
        <ele>754.61</ele>
      </trkpt>
      <trkpt lat="-6.633864" lon="106.909294">
        <ele>754.71</ele>
      </trkpt>
      <trkpt lat="-6.63398" lon="106.909275">
        <ele>754.77</ele>
      </trkpt>
      <trkpt lat="-6.634097" lon="106.909283">
        <ele>754.52</ele>
      </trkpt>
      <trkpt lat="-6.634176" lon="106.909318">
        <ele>755.27</ele>
      </trkpt>
      <trkpt lat="-6.634232" lon="106.90939">
        <ele>757.06</ele>
      </trkpt>
      <trkpt lat="-6.634323" lon="106.909538">
        <ele>762.23</ele>
      </trkpt>
      <trkpt lat="-6.634427" lon="106.909605">
        <ele>763.06</ele>
      </trkpt>
      <trkpt lat="-6.634491" lon="106.909625">
        <ele>762.52</ele>
      </trkpt>
      <trkpt lat="-6.63458" lon="106.909629">
        <ele>761.43</ele>
      </trkpt>
      <trkpt lat="-6.634849" lon="106.909578">
        <ele>758.29</ele>
      </trkpt>
      <trkpt lat="-6.635187" lon="106.909465">
        <ele>755.47</ele>
      </trkpt>
      <trkpt lat="-6.635314" lon="106.90943">
        <ele>754.43</ele>
      </trkpt>
      <trkpt lat="-6.635367" lon="106.909407">
        <ele>753.78</ele>
      </trkpt>
      <trkpt lat="-6.635314" lon="106.90943">
        <ele>754.43</ele>
      </trkpt>
      <trkpt lat="-6.635279" lon="106.909624">
        <ele>758.34</ele>
      </trkpt>
      <trkpt lat="-6.635242" lon="106.909719">
        <ele>761.75</ele>
      </trkpt>
      <trkpt lat="-6.635269" lon="106.909839">
        <ele>763.31</ele>
      </trkpt>
      <trkpt lat="-6.635362" lon="106.909915">
        <ele>761.93</ele>
      </trkpt>
      <trkpt lat="-6.63543" lon="106.910009">
        <ele>761.24</ele>
      </trkpt>
      <trkpt lat="-6.635471" lon="106.910094">
        <ele>760.87</ele>
      </trkpt>
      <trkpt lat="-6.635486" lon="106.910226">
        <ele>760.67</ele>
      </trkpt>
      <trkpt lat="-6.635445" lon="106.910373">
        <ele>760.67</ele>
      </trkpt>
      <trkpt lat="-6.635365" lon="106.910483">
        <ele>761.53</ele>
      </trkpt>
      <trkpt lat="-6.635185" lon="106.910569">
        <ele>765.51</ele>
      </trkpt>
      <trkpt lat="-6.635038" lon="106.910692">
        <ele>767.55</ele>
      </trkpt>
      <trkpt lat="-6.634809" lon="106.910951">
        <ele>769.29</ele>
      </trkpt>
      <trkpt lat="-6.634568" lon="106.911334">
        <ele>770.66</ele>
      </trkpt>
      <trkpt lat="-6.634413" lon="106.91153">
        <ele>773.65</ele>
      </trkpt>
      <trkpt lat="-6.634307" lon="106.911726">
        <ele>775.82</ele>
      </trkpt>
      <trkpt lat="-6.634287" lon="106.911964">
        <ele>774.9</ele>
      </trkpt>
      <trkpt lat="-6.634224" lon="106.912267">
        <ele>777.08</ele>
      </trkpt>
      <trkpt lat="-6.634232" lon="106.912355">
        <ele>776.26</ele>
      </trkpt>
      <trkpt lat="-6.634259" lon="106.912468">
        <ele>774.61</ele>
      </trkpt>
      <trkpt lat="-6.634245" lon="106.912551">
        <ele>774.18</ele>
      </trkpt>
      <trkpt lat="-6.6342" lon="106.912632">
        <ele>774.54</ele>
      </trkpt>
      <trkpt lat="-6.634014" lon="106.912669">
        <ele>778.17</ele>
      </trkpt>
      <trkpt lat="-6.633854" lon="106.912672">
        <ele>780.82</ele>
      </trkpt>
      <trkpt lat="-6.633745" lon="106.912683">
        <ele>781.8</ele>
      </trkpt>
      <trkpt lat="-6.633614" lon="106.912779">
        <ele>781.43</ele>
      </trkpt>
      <trkpt lat="-6.633556" lon="106.912877">
        <ele>779.68</ele>
      </trkpt>
      <trkpt lat="-6.633378" lon="106.912949">
        <ele>783.48</ele>
      </trkpt>
      <trkpt lat="-6.633311" lon="106.913002">
        <ele>784.62</ele>
      </trkpt>
      <trkpt lat="-6.633257" lon="106.913085">
        <ele>784.43</ele>
      </trkpt>
      <trkpt lat="-6.63311" lon="106.91322">
        <ele>788.67</ele>
      </trkpt>
      <trkpt lat="-6.632966" lon="106.913582">
        <ele>788.95</ele>
      </trkpt>
      <trkpt lat="-6.632924" lon="106.913635">
        <ele>790.26</ele>
      </trkpt>
      <trkpt lat="-6.632889" lon="106.913653">
        <ele>791.85</ele>
      </trkpt>
      <trkpt lat="-6.632736" lon="106.913682">
        <ele>801.14</ele>
      </trkpt>
      <trkpt lat="-6.632681" lon="106.913718">
        <ele>804.2</ele>
      </trkpt>
      <trkpt lat="-6.632675" lon="106.913767">
        <ele>803.8</ele>
      </trkpt>
      <trkpt lat="-6.632688" lon="106.913901">
        <ele>800.73</ele>
      </trkpt>
      <trkpt lat="-6.632565" lon="106.914215">
        <ele>807.59</ele>
      </trkpt>
      <trkpt lat="-6.632636" lon="106.914569">
        <ele>808.24</ele>
      </trkpt>
      <trkpt lat="-6.632515" lon="106.914708">
        <ele>813.04</ele>
      </trkpt>
      <trkpt lat="-6.632385" lon="106.914556">
        <ele>819.68</ele>
      </trkpt>
      <trkpt lat="-6.632254" lon="106.914404">
        <ele>822.8</ele>
      </trkpt>
      <trkpt lat="-6.631849" lon="106.914563">
        <ele>827.79</ele>
      </trkpt>
      <trkpt lat="-6.631571" lon="106.914642">
        <ele>834.79</ele>
      </trkpt>
      <trkpt lat="-6.631293" lon="106.914722">
        <ele>846.63</ele>
      </trkpt>
      <trkpt lat="-6.631293" lon="106.914772">
        <ele>847.96</ele>
      </trkpt>
      <trkpt lat="-6.631293" lon="106.914772">
        <ele>847.96</ele>
      </trkpt>
      <trkpt lat="-6.63124" lon="106.914958">
        <ele>853.82</ele>
      </trkpt>
      <trkpt lat="-6.631149" lon="106.915143">
        <ele>858.75</ele>
      </trkpt>
      <trkpt lat="-6.631127" lon="106.915233">
        <ele>859.81</ele>
      </trkpt>
      <trkpt lat="-6.631121" lon="106.915327">
        <ele>860.55</ele>
      </trkpt>
      <trkpt lat="-6.631128" lon="106.915539">
        <ele>861.46</ele>
      </trkpt>
      <trkpt lat="-6.631148" lon="106.915766">
        <ele>861.96</ele>
      </trkpt>
      <trkpt lat="-6.631129" lon="106.915893">
        <ele>862.75</ele>
      </trkpt>
      <trkpt lat="-6.631113" lon="106.915947">
        <ele>863.33</ele>
      </trkpt>
      <trkpt lat="-6.631079" lon="106.916014">
        <ele>864.14</ele>
      </trkpt>
      <trkpt lat="-6.630996" lon="106.916102">
        <ele>867.01</ele>
      </trkpt>
      <trkpt lat="-6.63078" lon="106.916244">
        <ele>874.05</ele>
      </trkpt>
      <trkpt lat="-6.630505" lon="106.916372">
        <ele>883.71</ele>
      </trkpt>
      <trkpt lat="-6.630381" lon="106.916476">
        <ele>886.54</ele>
      </trkpt>
      <trkpt lat="-6.630335" lon="106.916568">
        <ele>886.38</ele>
      </trkpt>
      <trkpt lat="-6.630132" lon="106.917061">
        <ele>889.09</ele>
      </trkpt>
      <trkpt lat="-6.629991" lon="106.917323">
        <ele>892.29</ele>
      </trkpt>
      <trkpt lat="-6.629817" lon="106.917604">
        <ele>894.77</ele>
      </trkpt>
      <trkpt lat="-6.629739" lon="106.917783">
        <ele>895.85</ele>
      </trkpt>
      <trkpt lat="-6.629696" lon="106.918076">
        <ele>899.2</ele>
      </trkpt>
      <trkpt lat="-6.629709" lon="106.918186">
        <ele>902.34</ele>
      </trkpt>
      <trkpt lat="-6.6298" lon="106.918418">
        <ele>909.6</ele>
      </trkpt>
      <trkpt lat="-6.629949" lon="106.918869">
        <ele>922.23</ele>
      </trkpt>
      <trkpt lat="-6.629991" lon="106.919058">
        <ele>930.54</ele>
      </trkpt>
      <trkpt lat="-6.6301" lon="106.919189">
        <ele>941.15</ele>
      </trkpt>
      <trkpt lat="-6.630021" lon="106.919281">
        <ele>943.2</ele>
      </trkpt>
      <trkpt lat="-6.629968" lon="106.919396">
        <ele>946.42</ele>
      </trkpt>
      <trkpt lat="-6.629875" lon="106.919483">
        <ele>946.14</ele>
      </trkpt>
      <trkpt lat="-6.629807" lon="106.9196">
        <ele>948.51</ele>
      </trkpt>
      <trkpt lat="-6.629762" lon="106.919642">
        <ele>947.96</ele>
      </trkpt>
      <trkpt lat="-6.629588" lon="106.919755">
        <ele>943.1</ele>
      </trkpt>
      <trkpt lat="-6.62956" lon="106.919786">
        <ele>942.65</ele>
      </trkpt>
      <trkpt lat="-6.629547" lon="106.919817">
        <ele>943.28</ele>
      </trkpt>
      <trkpt lat="-6.629542" lon="106.919876">
        <ele>945.76</ele>
      </trkpt>
      <trkpt lat="-6.629568" lon="106.920009">
        <ele>953.98</ele>
      </trkpt>
      <trkpt lat="-6.629569" lon="106.920061">
        <ele>956.45</ele>
      </trkpt>
      <trkpt lat="-6.629558" lon="106.92015">
        <ele>958.7</ele>
      </trkpt>
      <trkpt lat="-6.62951" lon="106.920285">
        <ele>959.27</ele>
      </trkpt>
      <trkpt lat="-6.629446" lon="106.920516">
        <ele>959.87</ele>
      </trkpt>
      <trkpt lat="-6.629414" lon="106.920572">
        <ele>958.81</ele>
      </trkpt>
      <trkpt lat="-6.629375" lon="106.920627">
        <ele>958.14</ele>
      </trkpt>
      <trkpt lat="-6.629188" lon="106.920791">
        <ele>956.86</ele>
      </trkpt>
      <trkpt lat="-6.628843" lon="106.9211">
        <ele>961.74</ele>
      </trkpt>
      <trkpt lat="-6.628685" lon="106.921245">
        <ele>961.71</ele>
      </trkpt>
      <trkpt lat="-6.628546" lon="106.92143">
        <ele>960.5</ele>
      </trkpt>
      <trkpt lat="-6.628501" lon="106.921522">
        <ele>959.76</ele>
      </trkpt>
      <trkpt lat="-6.628498" lon="106.921616">
        <ele>960.2</ele>
      </trkpt>
      <trkpt lat="-6.628576" lon="106.921851">
        <ele>963.46</ele>
      </trkpt>
      <trkpt lat="-6.628598" lon="106.921927">
        <ele>964.1</ele>
      </trkpt>
      <trkpt lat="-6.628608" lon="106.921996">
        <ele>964.16</ele>
      </trkpt>
      <trkpt lat="-6.628604" lon="106.922097">
        <ele>963.46</ele>
      </trkpt>
      <trkpt lat="-6.62857" lon="106.922352">
        <ele>961.88</ele>
      </trkpt>
      <trkpt lat="-6.628566" lon="106.922673">
        <ele>960.16</ele>
      </trkpt>
      <trkpt lat="-6.628562" lon="106.922994">
        <ele>962.25</ele>
      </trkpt>
      <trkpt lat="-6.62859" lon="106.923084">
        <ele>965.5</ele>
      </trkpt>
      <trkpt lat="-6.628555" lon="106.92322">
        <ele>967.86</ele>
      </trkpt>
      <trkpt lat="-6.628336" lon="106.923373">
        <ele>961.8</ele>
      </trkpt>
      <trkpt lat="-6.628298" lon="106.923406">
        <ele>961.16</ele>
      </trkpt>
      <trkpt lat="-6.628258" lon="106.923492">
        <ele>962.25</ele>
      </trkpt>
      <trkpt lat="-6.628277" lon="106.923543">
        <ele>963.88</ele>
      </trkpt>
      <trkpt lat="-6.628332" lon="106.923574">
        <ele>966.48</ele>
      </trkpt>
      <trkpt lat="-6.628432" lon="106.923596">
        <ele>971.22</ele>
      </trkpt>
      <trkpt lat="-6.6285" lon="106.923638">
        <ele>975.27</ele>
      </trkpt>
      <trkpt lat="-6.628549" lon="106.923723">
        <ele>978.95</ele>
      </trkpt>
      <trkpt lat="-6.628521" lon="106.923819">
        <ele>978.61</ele>
      </trkpt>
      <trkpt lat="-6.628459" lon="106.923885">
        <ele>976.05</ele>
      </trkpt>
      <trkpt lat="-6.628428" lon="106.923948">
        <ele>974.89</ele>
      </trkpt>
      <trkpt lat="-6.628427" lon="106.924057">
        <ele>976.12</ele>
      </trkpt>
      <trkpt lat="-6.628487" lon="106.924255">
        <ele>984.64</ele>
      </trkpt>
      <trkpt lat="-6.628468" lon="106.92433">
        <ele>986.36</ele>
      </trkpt>
      <trkpt lat="-6.628258" lon="106.924434">
        <ele>980.55</ele>
      </trkpt>
      <trkpt lat="-6.628217" lon="106.924478">
        <ele>981.01</ele>
      </trkpt>
      <trkpt lat="-6.628062" lon="106.924644">
        <ele>982.73</ele>
      </trkpt>
      <trkpt lat="-6.628056" lon="106.92484">
        <ele>989.35</ele>
      </trkpt>
      <trkpt lat="-6.628219" lon="106.925151">
        <ele>1006.34</ele>
      </trkpt>
      <trkpt lat="-6.628185" lon="106.925224">
        <ele>1006.69</ele>
      </trkpt>
      <trkpt lat="-6.62808" lon="106.925243">
        <ele>1003.29</ele>
      </trkpt>
      <trkpt lat="-6.62781" lon="106.925294">
        <ele>1001.52</ele>
      </trkpt>
      <trkpt lat="-6.627637" lon="106.925402">
        <ele>1005.82</ele>
      </trkpt>
      <trkpt lat="-6.62744" lon="106.925438">
        <ele>1003.82</ele>
      </trkpt>
      <trkpt lat="-6.627379" lon="106.925517">
        <ele>1005.68</ele>
      </trkpt>
      <trkpt lat="-6.627378" lon="106.925621">
        <ele>1007.88</ele>
      </trkpt>
      <trkpt lat="-6.627527" lon="106.925786">
        <ele>1016.81</ele>
      </trkpt>
      <trkpt lat="-6.627551" lon="106.926069">
        <ele>1017.1</ele>
      </trkpt>
      <trkpt lat="-6.627664" lon="106.926226">
        <ele>1021.9</ele>
      </trkpt>
      <trkpt lat="-6.627803" lon="106.926296">
        <ele>1028.64</ele>
      </trkpt>
      <trkpt lat="-6.627948" lon="106.926356">
        <ele>1035.36</ele>
      </trkpt>
      <trkpt lat="-6.627987" lon="106.926397">
        <ele>1036.64</ele>
      </trkpt>
      <trkpt lat="-6.627992" lon="106.926454">
        <ele>1036</ele>
      </trkpt>
      <trkpt lat="-6.627942" lon="106.926561">
        <ele>1032.23</ele>
      </trkpt>
      <trkpt lat="-6.62781" lon="106.926734">
        <ele>1027.35</ele>
      </trkpt>
      <trkpt lat="-6.6277" lon="106.926828">
        <ele>1024.75</ele>
      </trkpt>
      <trkpt lat="-6.627645" lon="106.926903">
        <ele>1023.82</ele>
      </trkpt>
      <trkpt lat="-6.627582" lon="106.927116">
        <ele>1023.94</ele>
      </trkpt>
      <trkpt lat="-6.62755" lon="106.927272">
        <ele>1024.63</ele>
      </trkpt>
      <trkpt lat="-6.627554" lon="106.927347">
        <ele>1026.05</ele>
      </trkpt>
      <trkpt lat="-6.627655" lon="106.927522">
        <ele>1035.23</ele>
      </trkpt>
      <trkpt lat="-6.627672" lon="106.9277">
        <ele>1041.91</ele>
      </trkpt>
      <trkpt lat="-6.627641" lon="106.927819">
        <ele>1045.06</ele>
      </trkpt>
      <trkpt lat="-6.62757" lon="106.927859">
        <ele>1044.03</ele>
      </trkpt>
      <trkpt lat="-6.627416" lon="106.927856">
        <ele>1037.77</ele>
      </trkpt>
      <trkpt lat="-6.627218" lon="106.927935">
        <ele>1034.13</ele>
      </trkpt>
      <trkpt lat="-6.627071" lon="106.928092">
        <ele>1034.53</ele>
      </trkpt>
      <trkpt lat="-6.626927" lon="106.928348">
        <ele>1040.98</ele>
      </trkpt>
      <trkpt lat="-6.626912" lon="106.928385">
        <ele>1042.22</ele>
      </trkpt>
      <trkpt lat="-6.62683" lon="106.928384">
        <ele>1039.44</ele>
      </trkpt>
      <trkpt lat="-6.626306" lon="106.928587">
        <ele>1039.33</ele>
      </trkpt>
      <trkpt lat="-6.626202" lon="106.928717">
        <ele>1042.55</ele>
      </trkpt>
      <trkpt lat="-6.6261" lon="106.928783">
        <ele>1043.26</ele>
      </trkpt>
      <trkpt lat="-6.625961" lon="106.928785">
        <ele>1041.32</ele>
      </trkpt>
      <trkpt lat="-6.625889" lon="106.928809">
        <ele>1041.05</ele>
      </trkpt>
      <trkpt lat="-6.625801" lon="106.928932">
        <ele>1043.95</ele>
      </trkpt>
      <trkpt lat="-6.6257" lon="106.929044">
        <ele>1045.84</ele>
      </trkpt>
      <trkpt lat="-6.625615" lon="106.929106">
        <ele>1045.92</ele>
      </trkpt>
      <trkpt lat="-6.625517" lon="106.929152">
        <ele>1044.95</ele>
      </trkpt>
      <trkpt lat="-6.625482" lon="106.929217">
        <ele>1045.33</ele>
      </trkpt>
      <trkpt lat="-6.62549" lon="106.929363">
        <ele>1047.29</ele>
      </trkpt>
      <trkpt lat="-6.625555" lon="106.929532">
        <ele>1051.05</ele>
      </trkpt>
      <trkpt lat="-6.625553" lon="106.929765">
        <ele>1051.24</ele>
      </trkpt>
      <trkpt lat="-6.625518" lon="106.929943">
        <ele>1051.12</ele>
      </trkpt>
      <trkpt lat="-6.625431" lon="106.930071">
        <ele>1051</ele>
      </trkpt>
      <trkpt lat="-6.625371" lon="106.930178">
        <ele>1051.42</ele>
      </trkpt>
      <trkpt lat="-6.625309" lon="106.930232">
        <ele>1051.15</ele>
      </trkpt>
      <trkpt lat="-6.625153414139495" lon="106.93033157495073">
        <ele>1052.636709303635</ele>
      </trkpt>
      <trkpt lat="-6.625153" lon="106.930331">
        <ele>1052.64</ele>
      </trkpt>
      <trkpt lat="-6.625084" lon="106.930376">
        <ele>1053.3</ele>
      </trkpt>
      <trkpt lat="-6.625034" lon="106.930451">
        <ele>1054.03</ele>
      </trkpt>
      <trkpt lat="-6.625013" lon="106.930552">
        <ele>1054.74</ele>
      </trkpt>
      <trkpt lat="-6.625032" lon="106.930709">
        <ele>1053.75</ele>
      </trkpt>
      <trkpt lat="-6.624987" lon="106.930791">
        <ele>1053.57</ele>
      </trkpt>
      <trkpt lat="-6.624838" lon="106.930955">
        <ele>1053.21</ele>
      </trkpt>
      <trkpt lat="-6.624681" lon="106.931053">
        <ele>1053.54</ele>
      </trkpt>
      <trkpt lat="-6.624621" lon="106.931121">
        <ele>1054.22</ele>
      </trkpt>
      <trkpt lat="-6.62458" lon="106.931287">
        <ele>1054.99</ele>
      </trkpt>
      <trkpt lat="-6.624475" lon="106.931403">
        <ele>1057.57</ele>
      </trkpt>
      <trkpt lat="-6.624279" lon="106.931564">
        <ele>1061.36</ele>
      </trkpt>
      <trkpt lat="-6.624134" lon="106.931513">
        <ele>1064.66</ele>
      </trkpt>
      <trkpt lat="-6.623985" lon="106.931504">
        <ele>1065.4</ele>
      </trkpt>
      <trkpt lat="-6.623872" lon="106.931579">
        <ele>1065.49</ele>
      </trkpt>
      <trkpt lat="-6.623707" lon="106.931808">
        <ele>1068.73</ele>
      </trkpt>
      <trkpt lat="-6.623546" lon="106.93204">
        <ele>1073.47</ele>
      </trkpt>
      <trkpt lat="-6.623232" lon="106.932362">
        <ele>1079.17</ele>
      </trkpt>
      <trkpt lat="-6.623207" lon="106.932396">
        <ele>1079.85</ele>
      </trkpt>
      <trkpt lat="-6.623223" lon="106.932456">
        <ele>1081.54</ele>
      </trkpt>
      <trkpt lat="-6.623207" lon="106.932396">
        <ele>1079.85</ele>
      </trkpt>
      <trkpt lat="-6.623094" lon="106.93243">
        <ele>1079.51</ele>
      </trkpt>
      <trkpt lat="-6.622985" lon="106.932426">
        <ele>1079.3</ele>
      </trkpt>
      <trkpt lat="-6.622895" lon="106.932404">
        <ele>1078.55</ele>
      </trkpt>
      <trkpt lat="-6.622686" lon="106.932435">
        <ele>1080</ele>
      </trkpt>
      <trkpt lat="-6.62239" lon="106.9325">
        <ele>1082.62</ele>
      </trkpt>
      <trkpt lat="-6.622293" lon="106.932607">
        <ele>1085.71</ele>
      </trkpt>
      <trkpt lat="-6.62217" lon="106.932771">
        <ele>1090.88</ele>
      </trkpt>
      <trkpt lat="-6.621934" lon="106.932947">
        <ele>1096.68</ele>
      </trkpt>
      <trkpt lat="-6.621783" lon="106.933039">
        <ele>1096.98</ele>
      </trkpt>
      <trkpt lat="-6.621743" lon="106.932988">
        <ele>1095.84</ele>
      </trkpt>
      <trkpt lat="-6.621702854806031" lon="106.93301904238439">
        <ele>1098.3243805277789</ele>
      </trkpt>
      <trkpt lat="-6.621743" lon="106.932988">
        <ele>1095.84</ele>
      </trkpt>
      <trkpt lat="-6.621783" lon="106.933039">
        <ele>1096.98</ele>
      </trkpt>
      <trkpt lat="-6.621737" lon="106.933267">
        <ele>1099.79</ele>
      </trkpt>
      <trkpt lat="-6.621659" lon="106.933372">
        <ele>1098.43</ele>
      </trkpt>
      <trkpt lat="-6.621578" lon="106.933426">
        <ele>1095.35</ele>
      </trkpt>
      <trkpt lat="-6.621543" lon="106.933688">
        <ele>1098.14</ele>
      </trkpt>
      <trkpt lat="-6.621482" lon="106.93372">
        <ele>1095.35</ele>
      </trkpt>
      <trkpt lat="-6.62142" lon="106.933776">
        <ele>1093.02</ele>
      </trkpt>
      <trkpt lat="-6.621393" lon="106.933852">
        <ele>1093.01</ele>
      </trkpt>
      <trkpt lat="-6.621408" lon="106.933964">
        <ele>1095.87</ele>
      </trkpt>
      <trkpt lat="-6.621407" lon="106.934151">
        <ele>1099.06</ele>
      </trkpt>
      <trkpt lat="-6.621407" lon="106.9342">
        <ele>1099.91</ele>
      </trkpt>
      <trkpt lat="-6.621374" lon="106.934311">
        <ele>1100.01</ele>
      </trkpt>
      <trkpt lat="-6.621284" lon="106.934413">
        <ele>1098.95</ele>
      </trkpt>
      <trkpt lat="-6.621177" lon="106.934498">
        <ele>1098.39</ele>
      </trkpt>
      <trkpt lat="-6.620935" lon="106.934525">
        <ele>1093.07</ele>
      </trkpt>
      <trkpt lat="-6.620824" lon="106.934625">
        <ele>1094.17</ele>
      </trkpt>
      <trkpt lat="-6.620751" lon="106.934719">
        <ele>1095.88</ele>
      </trkpt>
      <trkpt lat="-6.620579" lon="106.934841">
        <ele>1095.06</ele>
      </trkpt>
      <trkpt lat="-6.620494" lon="106.934921">
        <ele>1095.5</ele>
      </trkpt>
      <trkpt lat="-6.620428" lon="106.935066">
        <ele>1099.37</ele>
      </trkpt>
      <trkpt lat="-6.62024" lon="106.935175">
        <ele>1099.56</ele>
      </trkpt>
      <trkpt lat="-6.620111" lon="106.935166">
        <ele>1098.45</ele>
      </trkpt>
      <trkpt lat="-6.619736" lon="106.935134">
        <ele>1099</ele>
      </trkpt>
      <trkpt lat="-6.619534" lon="106.935196">
        <ele>1100.35</ele>
      </trkpt>
      <trkpt lat="-6.619307" lon="106.935374">
        <ele>1104.47</ele>
      </trkpt>
      <trkpt lat="-6.619215" lon="106.935457">
        <ele>1104.34</ele>
      </trkpt>
      <trkpt lat="-6.61919" lon="106.935513">
        <ele>1105.05</ele>
      </trkpt>
      <trkpt lat="-6.619199" lon="106.93559">
        <ele>1106.69</ele>
      </trkpt>
      <trkpt lat="-6.61923" lon="106.935736">
        <ele>1109.98</ele>
      </trkpt>
      <trkpt lat="-6.619223" lon="106.93585">
        <ele>1111.02</ele>
      </trkpt>
      <trkpt lat="-6.619162" lon="106.935911">
        <ele>1109.23</ele>
      </trkpt>
      <trkpt lat="-6.619088" lon="106.935966">
        <ele>1107.04</ele>
      </trkpt>
      <trkpt lat="-6.619068" lon="106.936035">
        <ele>1107.29</ele>
      </trkpt>
      <trkpt lat="-6.619081" lon="106.936128">
        <ele>1108.3</ele>
      </trkpt>
      <trkpt lat="-6.619163" lon="106.936199">
        <ele>1111</ele>
      </trkpt>
      <trkpt lat="-6.618986" lon="106.936177">
        <ele>1105.87</ele>
      </trkpt>
      <trkpt lat="-6.618984518775321" lon="106.93619242447755">
        <ele>1106.8446056909488</ele>
      </trkpt>
      <trkpt lat="-6.618986" lon="106.936177">
        <ele>1105.87</ele>
      </trkpt>
      <trkpt lat="-6.619163" lon="106.936199">
        <ele>1111</ele>
      </trkpt>
      <trkpt lat="-6.619339" lon="106.936305">
        <ele>1114.84</ele>
      </trkpt>
      <trkpt lat="-6.61951" lon="106.936467">
        <ele>1115.98</ele>
      </trkpt>
      <trkpt lat="-6.619733" lon="106.936582">
        <ele>1118.24</ele>
      </trkpt>
      <trkpt lat="-6.619986" lon="106.936777">
        <ele>1120.94</ele>
      </trkpt>
      <trkpt lat="-6.6202" lon="106.936842">
        <ele>1123.52</ele>
      </trkpt>
      <trkpt lat="-6.620317" lon="106.936896">
        <ele>1124.56</ele>
      </trkpt>
      <trkpt lat="-6.620365" lon="106.936987">
        <ele>1124.69</ele>
      </trkpt>
      <trkpt lat="-6.620261" lon="106.93738">
        <ele>1125.39</ele>
      </trkpt>
      <trkpt lat="-6.620416" lon="106.937238">
        <ele>1125.84</ele>
      </trkpt>
      <trkpt lat="-6.620328" lon="106.937339">
        <ele>1125.61</ele>
      </trkpt>
      <trkpt lat="-6.620303" lon="106.937461">
        <ele>1126.45</ele>
      </trkpt>
      <trkpt lat="-6.62036" lon="106.937571">
        <ele>1127.81</ele>
      </trkpt>
      <trkpt lat="-6.620515" lon="106.93771">
        <ele>1131.65</ele>
      </trkpt>
      <trkpt lat="-6.620779" lon="106.937778">
        <ele>1137.84</ele>
      </trkpt>
      <trkpt lat="-6.62106" lon="106.937791">
        <ele>1142.16</ele>
      </trkpt>
      <trkpt lat="-6.621281" lon="106.937869">
        <ele>1145.17</ele>
      </trkpt>
      <trkpt lat="-6.62181" lon="106.938103">
        <ele>1154.55</ele>
      </trkpt>
      <trkpt lat="-6.621884" lon="106.938151">
        <ele>1154.79</ele>
      </trkpt>
      <trkpt lat="-6.621989" lon="106.938163">
        <ele>1153.98</ele>
      </trkpt>
      <trkpt lat="-6.622184" lon="106.938092">
        <ele>1153.98</ele>
      </trkpt>
      <trkpt lat="-6.622372" lon="106.938103">
        <ele>1152.78</ele>
      </trkpt>
      <trkpt lat="-6.622554" lon="106.938093">
        <ele>1153.18</ele>
      </trkpt>
      <trkpt lat="-6.622773" lon="106.938258">
        <ele>1151.33</ele>
      </trkpt>
      <trkpt lat="-6.623015" lon="106.938498">
        <ele>1147.75</ele>
      </trkpt>
      <trkpt lat="-6.623124" lon="106.938558">
        <ele>1148.48</ele>
      </trkpt>
      <trkpt lat="-6.623299" lon="106.938599">
        <ele>1156.18</ele>
      </trkpt>
      <trkpt lat="-6.623374" lon="106.938735">
        <ele>1151.03</ele>
      </trkpt>
      <trkpt lat="-6.623475" lon="106.938841">
        <ele>1149.69</ele>
      </trkpt>
      <trkpt lat="-6.623669" lon="106.93889">
        <ele>1158.71</ele>
      </trkpt>
      <trkpt lat="-6.624135" lon="106.939175">
        <ele>1164.49</ele>
      </trkpt>
      <trkpt lat="-6.624358" lon="106.939325">
        <ele>1167.24</ele>
      </trkpt>
      <trkpt lat="-6.624488" lon="106.939492">
        <ele>1164.41</ele>
      </trkpt>
      <trkpt lat="-6.624618" lon="106.939659">
        <ele>1164.68</ele>
      </trkpt>
      <trkpt lat="-6.624671" lon="106.939883">
        <ele>1157.65</ele>
      </trkpt>
      <trkpt lat="-6.624724" lon="106.940106">
        <ele>1154.13</ele>
      </trkpt>
      <trkpt lat="-6.624796" lon="106.940464">
        <ele>1148.58</ele>
      </trkpt>
      <trkpt lat="-6.624858" lon="106.94062">
        <ele>1150.29</ele>
      </trkpt>
      <trkpt lat="-6.625026" lon="106.940701">
        <ele>1160.84</ele>
      </trkpt>
      <trkpt lat="-6.625067" lon="106.940838">
        <ele>1161.63</ele>
      </trkpt>
      <trkpt lat="-6.624908" lon="106.940895">
        <ele>1151.64</ele>
      </trkpt>
      <trkpt lat="-6.624872" lon="106.940959">
        <ele>1149.73</ele>
      </trkpt>
      <trkpt lat="-6.624903" lon="106.941069">
        <ele>1151.48</ele>
      </trkpt>
      <trkpt lat="-6.624879" lon="106.941261">
        <ele>1151.66</ele>
      </trkpt>
      <trkpt lat="-6.624622" lon="106.941676">
        <ele>1149.17</ele>
      </trkpt>
      <trkpt lat="-6.624516" lon="106.94178">
        <ele>1148.42</ele>
      </trkpt>
      <trkpt lat="-6.624522" lon="106.941923">
        <ele>1149.95</ele>
      </trkpt>
      <trkpt lat="-6.62458" lon="106.942152">
        <ele>1154.65</ele>
      </trkpt>
      <trkpt lat="-6.624527" lon="106.942351">
        <ele>1157.3</ele>
      </trkpt>
      <trkpt lat="-6.624326" lon="106.942589">
        <ele>1155.22</ele>
      </trkpt>
      <trkpt lat="-6.624227" lon="106.942799">
        <ele>1156.27</ele>
      </trkpt>
      <trkpt lat="-6.624174" lon="106.943082">
        <ele>1159.53</ele>
      </trkpt>
      <trkpt lat="-6.624062" lon="106.943401">
        <ele>1157.87</ele>
      </trkpt>
      <trkpt lat="-6.623943" lon="106.943626">
        <ele>1153.7</ele>
      </trkpt>
      <trkpt lat="-6.623824" lon="106.943852">
        <ele>1152.06</ele>
      </trkpt>
      <trkpt lat="-6.623804" lon="106.943974">
        <ele>1154.14</ele>
      </trkpt>
      <trkpt lat="-6.623867" lon="106.944131">
        <ele>1156.21</ele>
      </trkpt>
      <trkpt lat="-6.623947" lon="106.944291">
        <ele>1156.41</ele>
      </trkpt>
      <trkpt lat="-6.624018" lon="106.944333">
        <ele>1157.67</ele>
      </trkpt>
      <trkpt lat="-6.624367" lon="106.944473">
        <ele>1161.8</ele>
      </trkpt>
      <trkpt lat="-6.624902" lon="106.944715">
        <ele>1167.47</ele>
      </trkpt>
      <trkpt lat="-6.625353" lon="106.944852">
        <ele>1173.49</ele>
      </trkpt>
      <trkpt lat="-6.625581" lon="106.945008">
        <ele>1165.8</ele>
      </trkpt>
      <trkpt lat="-6.625733" lon="106.945009">
        <ele>1167.06</ele>
      </trkpt>
      <trkpt lat="-6.625938" lon="106.944911">
        <ele>1172.94</ele>
      </trkpt>
      <trkpt lat="-6.626143" lon="106.944813">
        <ele>1176.37</ele>
      </trkpt>
      <trkpt lat="-6.626575" lon="106.944654">
        <ele>1184.24</ele>
      </trkpt>
      <trkpt lat="-6.626771" lon="106.944639">
        <ele>1185.28</ele>
      </trkpt>
      <trkpt lat="-6.626967" lon="106.944686">
        <ele>1186.15</ele>
      </trkpt>
      <trkpt lat="-6.627082" lon="106.944821">
        <ele>1186.76</ele>
      </trkpt>
      <trkpt lat="-6.627073" lon="106.945035">
        <ele>1186.4</ele>
      </trkpt>
      <trkpt lat="-6.62711" lon="106.945249">
        <ele>1185.59</ele>
      </trkpt>
      <trkpt lat="-6.627114" lon="106.945555">
        <ele>1182.24</ele>
      </trkpt>
      <trkpt lat="-6.627171" lon="106.945657">
        <ele>1180.53</ele>
      </trkpt>
      <trkpt lat="-6.627495" lon="106.945899">
        <ele>1175.1</ele>
      </trkpt>
      <trkpt lat="-6.627742" lon="106.946">
        <ele>1172.59</ele>
      </trkpt>
      <trkpt lat="-6.627991" lon="106.946087">
        <ele>1169.8</ele>
      </trkpt>
      <trkpt lat="-6.628153" lon="106.946118">
        <ele>1169.21</ele>
      </trkpt>
      <trkpt lat="-6.628318" lon="106.946235">
        <ele>1166.69</ele>
      </trkpt>
      <trkpt lat="-6.62841" lon="106.946311">
        <ele>1165.14</ele>
      </trkpt>
      <trkpt lat="-6.628511" lon="106.946345">
        <ele>1165.14</ele>
      </trkpt>
      <trkpt lat="-6.628598" lon="106.946429">
        <ele>1164.41</ele>
      </trkpt>
      <trkpt lat="-6.628695" lon="106.946577">
        <ele>1163.4</ele>
      </trkpt>
      <trkpt lat="-6.62875" lon="106.946739">
        <ele>1163.14</ele>
      </trkpt>
      <trkpt lat="-6.628756" lon="106.946995">
        <ele>1161.94</ele>
      </trkpt>
      <trkpt lat="-6.628819" lon="106.947179">
        <ele>1161.11</ele>
      </trkpt>
      <trkpt lat="-6.628936" lon="106.947313">
        <ele>1160.05</ele>
      </trkpt>
      <trkpt lat="-6.629097" lon="106.947443">
        <ele>1156.45</ele>
      </trkpt>
      <trkpt lat="-6.629274" lon="106.947543">
        <ele>1152.01</ele>
      </trkpt>
      <trkpt lat="-6.629322" lon="106.947586">
        <ele>1150.46</ele>
      </trkpt>
      <trkpt lat="-6.629479" lon="106.947832">
        <ele>1145.93</ele>
      </trkpt>
      <trkpt lat="-6.629673" lon="106.948037">
        <ele>1146.21</ele>
      </trkpt>
      <trkpt lat="-6.629917" lon="106.948248">
        <ele>1150.91</ele>
      </trkpt>
      <trkpt lat="-6.630007" lon="106.948362">
        <ele>1153.52</ele>
      </trkpt>
      <trkpt lat="-6.630094" lon="106.948541">
        <ele>1155.3</ele>
      </trkpt>
      <trkpt lat="-6.630285" lon="106.948778">
        <ele>1156.84</ele>
      </trkpt>
      <trkpt lat="-6.630415" lon="106.948952">
        <ele>1155.52</ele>
      </trkpt>
      <trkpt lat="-6.630465" lon="106.949118">
        <ele>1152.29</ele>
      </trkpt>
      <trkpt lat="-6.630608" lon="106.949499">
        <ele>1151.78</ele>
      </trkpt>
      <trkpt lat="-6.630668" lon="106.949657">
        <ele>1152.94</ele>
      </trkpt>
      <trkpt lat="-6.6307117516812895" lon="106.9497496506192">
        <ele>1153.5255004525252</ele>
      </trkpt>
      <trkpt lat="-6.6307117516812895" lon="106.9497496506192">
        <ele>1155.6489056270802</ele>
      </trkpt>
      <trkpt lat="-6.630789944975689" lon="106.95001038752028">
        <ele>1157.0176019257633</ele>
      </trkpt>
      <trkpt lat="-6.630789944975689" lon="106.95001038752028">
        <ele>1153.324474067872</ele>
      </trkpt>
      <trkpt lat="-6.63079" lon="106.950016">
        <ele>1153.27</ele>
      </trkpt>
      <trkpt lat="-6.63084" lon="106.950135">
        <ele>1154.92</ele>
      </trkpt>
      <trkpt lat="-6.630888" lon="106.950219">
        <ele>1157.13</ele>
      </trkpt>
      <trkpt lat="-6.630913" lon="106.950321">
        <ele>1158.39</ele>
      </trkpt>
      <trkpt lat="-6.630948" lon="106.950389">
        <ele>1159.85</ele>
      </trkpt>
      <trkpt lat="-6.631" lon="106.950555">
        <ele>1161.69</ele>
      </trkpt>
      <trkpt lat="-6.631009" lon="106.950602">
        <ele>1161.79</ele>
      </trkpt>
      <trkpt lat="-6.631005" lon="106.950633">
        <ele>1161.44</ele>
      </trkpt>
      <trkpt lat="-6.630987" lon="106.95066">
        <ele>1160.55</ele>
      </trkpt>
      <trkpt lat="-6.630968" lon="106.950673">
        <ele>1159.69</ele>
      </trkpt>
      <trkpt lat="-6.630891" lon="106.950703">
        <ele>1157.13</ele>
      </trkpt>
      <trkpt lat="-6.630832" lon="106.950745">
        <ele>1155.38</ele>
      </trkpt>
      <trkpt lat="-6.630788" lon="106.950798">
        <ele>1154.18</ele>
      </trkpt>
      <trkpt lat="-6.630726" lon="106.950901">
        <ele>1152.31</ele>
      </trkpt>
      <trkpt lat="-6.630674" lon="106.950968">
        <ele>1150.99</ele>
      </trkpt>
      <trkpt lat="-6.630648" lon="106.951029">
        <ele>1150.41</ele>
      </trkpt>
      <trkpt lat="-6.63061" lon="106.951167">
        <ele>1149.16</ele>
      </trkpt>
      <trkpt lat="-6.630605" lon="106.951224">
        <ele>1148.94</ele>
      </trkpt>
      <trkpt lat="-6.63061" lon="106.951268">
        <ele>1149</ele>
      </trkpt>
      <trkpt lat="-6.630599" lon="106.951291">
        <ele>1148.91</ele>
      </trkpt>
      <trkpt lat="-6.630531" lon="106.951331">
        <ele>1148.44</ele>
      </trkpt>
      <trkpt lat="-6.63048" lon="106.951384">
        <ele>1148.34</ele>
      </trkpt>
      <trkpt lat="-6.63046" lon="106.951394">
        <ele>1148.28</ele>
      </trkpt>
      <trkpt lat="-6.630409" lon="106.9514">
        <ele>1148.05</ele>
      </trkpt>
      <trkpt lat="-6.630363" lon="106.951421">
        <ele>1148.01</ele>
      </trkpt>
      <trkpt lat="-6.630342" lon="106.951478">
        <ele>1148.45</ele>
      </trkpt>
      <trkpt lat="-6.630281" lon="106.951502">
        <ele>1148.59</ele>
      </trkpt>
      <trkpt lat="-6.630188" lon="106.951498">
        <ele>1148.53</ele>
      </trkpt>
      <trkpt lat="-6.630179830081984" lon="106.95150315994823">
        <ele>1148.5901993957605</ele>
      </trkpt>
      <trkpt lat="-6.630169" lon="106.95151">
        <ele>1148.67</ele>
      </trkpt>
      <trkpt lat="-6.630178" lon="106.951548">
        <ele>1149.11</ele>
      </trkpt>
      <trkpt lat="-6.63028" lon="106.951673">
        <ele>1150.56</ele>
      </trkpt>
      <trkpt lat="-6.630291" lon="106.951696">
        <ele>1150.83</ele>
      </trkpt>
      <trkpt lat="-6.630299" lon="106.951755">
        <ele>1151.26</ele>
      </trkpt>
      <trkpt lat="-6.630289" lon="106.951849">
        <ele>1151.8</ele>
      </trkpt>
      <trkpt lat="-6.630293" lon="106.951885">
        <ele>1152.01</ele>
      </trkpt>
      <trkpt lat="-6.630305" lon="106.951906">
        <ele>1152.14</ele>
      </trkpt>
      <trkpt lat="-6.630371" lon="106.951973">
        <ele>1152.52</ele>
      </trkpt>
      <trkpt lat="-6.630441" lon="106.952083">
        <ele>1153.17</ele>
      </trkpt>
      <trkpt lat="-6.630501" lon="106.952152">
        <ele>1153.93</ele>
      </trkpt>
      <trkpt lat="-6.63051" lon="106.952179">
        <ele>1154.14</ele>
      </trkpt>
      <trkpt lat="-6.630528" lon="106.952203">
        <ele>1154.38</ele>
      </trkpt>
      <trkpt lat="-6.630597" lon="106.95221">
        <ele>1154.82</ele>
      </trkpt>
      <trkpt lat="-6.63068" lon="106.952268">
        <ele>1156.06</ele>
      </trkpt>
      <trkpt lat="-6.630736" lon="106.952287">
        <ele>1156.82</ele>
      </trkpt>
      <trkpt lat="-6.630844" lon="106.952287">
        <ele>1158.33</ele>
      </trkpt>
      <trkpt lat="-6.630966" lon="106.952259">
        <ele>1160.17</ele>
      </trkpt>
      <trkpt lat="-6.631032" lon="106.952263">
        <ele>1160.94</ele>
      </trkpt>
      <trkpt lat="-6.631072" lon="106.952285">
        <ele>1161.41</ele>
      </trkpt>
      <trkpt lat="-6.63113" lon="106.95238">
        <ele>1162.09</ele>
      </trkpt>
      <trkpt lat="-6.631147" lon="106.952392">
        <ele>1162.29</ele>
      </trkpt>
      <trkpt lat="-6.631192" lon="106.952379">
        <ele>1162.86</ele>
      </trkpt>
      <trkpt lat="-6.631243" lon="106.952336">
        <ele>1163.67</ele>
      </trkpt>
      <trkpt lat="-6.631261" lon="106.95233">
        <ele>1163.94</ele>
      </trkpt>
      <trkpt lat="-6.631303" lon="106.952335">
        <ele>1164.45</ele>
      </trkpt>
      <trkpt lat="-6.631399" lon="106.952372">
        <ele>1164.87</ele>
      </trkpt>
      <trkpt lat="-6.631504" lon="106.952385">
        <ele>1165.62</ele>
      </trkpt>
      <trkpt lat="-6.631548" lon="106.952423">
        <ele>1165.98</ele>
      </trkpt>
      <trkpt lat="-6.631592" lon="106.952497">
        <ele>1166.49</ele>
      </trkpt>
      <trkpt lat="-6.631596" lon="106.952516">
        <ele>1166.54</ele>
      </trkpt>
      <trkpt lat="-6.631587" lon="106.952537">
        <ele>1166.44</ele>
      </trkpt>
      <trkpt lat="-6.631588" lon="106.952561">
        <ele>1166.45</ele>
      </trkpt>
      <trkpt lat="-6.631609" lon="106.95265">
        <ele>1166.69</ele>
      </trkpt>
      <trkpt lat="-6.631644" lon="106.95271">
        <ele>1167.15</ele>
      </trkpt>
      <trkpt lat="-6.631634" lon="106.952777">
        <ele>1167.18</ele>
      </trkpt>
      <trkpt lat="-6.631675" lon="106.952819">
        <ele>1168.14</ele>
      </trkpt>
      <trkpt lat="-6.631706" lon="106.95287">
        <ele>1168.98</ele>
      </trkpt>
      <trkpt lat="-6.63174" lon="106.952886">
        <ele>1169.67</ele>
      </trkpt>
      <trkpt lat="-6.631795" lon="106.952879">
        <ele>1170.6</ele>
      </trkpt>
      <trkpt lat="-6.631823" lon="106.952886">
        <ele>1171.15</ele>
      </trkpt>
      <trkpt lat="-6.631868" lon="106.952926">
        <ele>1172.15</ele>
      </trkpt>
      <trkpt lat="-6.631961" lon="106.952976">
        <ele>1174.07</ele>
      </trkpt>
      <trkpt lat="-6.632066" lon="106.953057">
        <ele>1176.91</ele>
      </trkpt>
      <trkpt lat="-6.632145" lon="106.9531">
        <ele>1179.01</ele>
      </trkpt>
      <trkpt lat="-6.632193" lon="106.953142">
        <ele>1180.38</ele>
      </trkpt>
      <trkpt lat="-6.63224" lon="106.953169">
        <ele>1181.64</ele>
      </trkpt>
      <trkpt lat="-6.632269" lon="106.953203">
        <ele>1182.51</ele>
      </trkpt>
      <trkpt lat="-6.632355" lon="106.953267">
        <ele>1185.4</ele>
      </trkpt>
      <trkpt lat="-6.63244" lon="106.953363">
        <ele>1189.22</ele>
      </trkpt>
      <trkpt lat="-6.632479" lon="106.953376">
        <ele>1190.4</ele>
      </trkpt>
      <trkpt lat="-6.632614" lon="106.9534">
        <ele>1196.52</ele>
      </trkpt>
      <trkpt lat="-6.632758" lon="106.953486">
        <ele>1205.49</ele>
      </trkpt>
      <trkpt lat="-6.632772" lon="106.953508">
        <ele>1206.59</ele>
      </trkpt>
      <trkpt lat="-6.632781" lon="106.953543">
        <ele>1207.56</ele>
      </trkpt>
      <trkpt lat="-6.632791" lon="106.953549">
        <ele>1208.18</ele>
      </trkpt>
      <trkpt lat="-6.632878" lon="106.953543">
        <ele>1212.77</ele>
      </trkpt>
      <trkpt lat="-6.632943" lon="106.953512">
        <ele>1215.83</ele>
      </trkpt>
      <trkpt lat="-6.63296" lon="106.953516">
        <ele>1216.77</ele>
      </trkpt>
      <trkpt lat="-6.633019" lon="106.953562">
        <ele>1220.22</ele>
      </trkpt>
      <trkpt lat="-6.633047" lon="106.953599">
        <ele>1221.8</ele>
      </trkpt>
      <trkpt lat="-6.633066" lon="106.953611">
        <ele>1222.72</ele>
      </trkpt>
      <trkpt lat="-6.633103" lon="106.953615">
        <ele>1224.28</ele>
      </trkpt>
      <trkpt lat="-6.63319" lon="106.953602">
        <ele>1227.59</ele>
      </trkpt>
      <trkpt lat="-6.633231" lon="106.95358">
        <ele>1228.82</ele>
      </trkpt>
      <trkpt lat="-6.633253" lon="106.953579">
        <ele>1229.6</ele>
      </trkpt>
      <trkpt lat="-6.633356" lon="106.953635">
        <ele>1233.92</ele>
      </trkpt>
      <trkpt lat="-6.633401" lon="106.953646">
        <ele>1236.01</ele>
      </trkpt>
      <trkpt lat="-6.633471" lon="106.953637">
        <ele>1239.06</ele>
      </trkpt>
      <trkpt lat="-6.633528" lon="106.953609">
        <ele>1241.55</ele>
      </trkpt>
      <trkpt lat="-6.633607" lon="106.953603">
        <ele>1244.79</ele>
      </trkpt>
      <trkpt lat="-6.633657" lon="106.953607">
        <ele>1246.83</ele>
      </trkpt>
      <trkpt lat="-6.6337" lon="106.9536">
        <ele>1248.72</ele>
      </trkpt>
      <trkpt lat="-6.633772" lon="106.953603">
        <ele>1252.05</ele>
      </trkpt>
      <trkpt lat="-6.633849" lon="106.95363">
        <ele>1255.51</ele>
      </trkpt>
      <trkpt lat="-6.633971" lon="106.95364">
        <ele>1262.5</ele>
      </trkpt>
      <trkpt lat="-6.634004" lon="106.953631">
        <ele>1264.48</ele>
      </trkpt>
      <trkpt lat="-6.634032" lon="106.953602">
        <ele>1266.33</ele>
      </trkpt>
      <trkpt lat="-6.634051" lon="106.953567">
        <ele>1268.19</ele>
      </trkpt>
      <trkpt lat="-6.634064" lon="106.953518">
        <ele>1269.96</ele>
      </trkpt>
      <trkpt lat="-6.634109" lon="106.953474">
        <ele>1273.88</ele>
      </trkpt>
      <trkpt lat="-6.634122" lon="106.95343">
        <ele>1275.69</ele>
      </trkpt>
      <trkpt lat="-6.63411" lon="106.953398">
        <ele>1275.96</ele>
      </trkpt>
      <trkpt lat="-6.634023" lon="106.953298">
        <ele>1273.37</ele>
      </trkpt>
      <trkpt lat="-6.633957" lon="106.953176">
        <ele>1273.66</ele>
      </trkpt>
      <trkpt lat="-6.633943" lon="106.953106">
        <ele>1275.36</ele>
      </trkpt>
      <trkpt lat="-6.633964" lon="106.952987">
        <ele>1280.83</ele>
      </trkpt>
      <trkpt lat="-6.633946" lon="106.952865">
        <ele>1283</ele>
      </trkpt>
      <trkpt lat="-6.633948" lon="106.952829">
        <ele>1284.01</ele>
      </trkpt>
      <trkpt lat="-6.63397" lon="106.952819">
        <ele>1286.06</ele>
      </trkpt>
      <trkpt lat="-6.634026" lon="106.952857">
        <ele>1289.59</ele>
      </trkpt>
      <trkpt lat="-6.634084" lon="106.95294">
        <ele>1291.11</ele>
      </trkpt>
      <trkpt lat="-6.634106" lon="106.953022">
        <ele>1289.8</ele>
      </trkpt>
      <trkpt lat="-6.63413" lon="106.953052">
        <ele>1290.44</ele>
      </trkpt>
      <trkpt lat="-6.634154" lon="106.953055">
        <ele>1292.02</ele>
      </trkpt>
      <trkpt lat="-6.634167" lon="106.953049">
        <ele>1293.14</ele>
      </trkpt>
      <trkpt lat="-6.634177" lon="106.953032">
        <ele>1294.44</ele>
      </trkpt>
      <trkpt lat="-6.634179" lon="106.953002">
        <ele>1295.62</ele>
      </trkpt>
      <trkpt lat="-6.634195" lon="106.952971">
        <ele>1297.83</ele>
      </trkpt>
      <trkpt lat="-6.634228" lon="106.952932">
        <ele>1301.02</ele>
      </trkpt>
      <trkpt lat="-6.634252" lon="106.952918">
        <ele>1302.75</ele>
      </trkpt>
      <trkpt lat="-6.634284" lon="106.952963">
        <ele>1303.13</ele>
      </trkpt>
      <trkpt lat="-6.634301" lon="106.953012">
        <ele>1302.72</ele>
      </trkpt>
      <trkpt lat="-6.634349" lon="106.953038">
        <ele>1304.92</ele>
      </trkpt>
      <trkpt lat="-6.634371" lon="106.953032">
        <ele>1306.38</ele>
      </trkpt>
      <trkpt lat="-6.634398" lon="106.952958">
        <ele>1309.4</ele>
      </trkpt>
      <trkpt lat="-6.634429" lon="106.952825">
        <ele>1313.72</ele>
      </trkpt>
      <trkpt lat="-6.634466" lon="106.952753">
        <ele>1316.78</ele>
      </trkpt>
      <trkpt lat="-6.634508" lon="106.9527">
        <ele>1319</ele>
      </trkpt>
      <trkpt lat="-6.634533" lon="106.952632">
        <ele>1320.4</ele>
      </trkpt>
      <trkpt lat="-6.634588" lon="106.952528">
        <ele>1322.98</ele>
      </trkpt>
      <trkpt lat="-6.634629" lon="106.952468">
        <ele>1324.66</ele>
      </trkpt>
      <trkpt lat="-6.634697" lon="106.952433">
        <ele>1327.45</ele>
      </trkpt>
      <trkpt lat="-6.634791" lon="106.95233">
        <ele>1331.3</ele>
      </trkpt>
      <trkpt lat="-6.634828" lon="106.952308">
        <ele>1332.81</ele>
      </trkpt>
      <trkpt lat="-6.634911" lon="106.952233">
        <ele>1335.87</ele>
      </trkpt>
      <trkpt lat="-6.634943" lon="106.952172">
        <ele>1337.33</ele>
      </trkpt>
      <trkpt lat="-6.634985" lon="106.951993">
        <ele>1340</ele>
      </trkpt>
      <trkpt lat="-6.635006" lon="106.951952">
        <ele>1340.95</ele>
      </trkpt>
      <trkpt lat="-6.635052" lon="106.951921">
        <ele>1342.55</ele>
      </trkpt>
      <trkpt lat="-6.63512" lon="106.951895">
        <ele>1342.86</ele>
      </trkpt>
      <trkpt lat="-6.63516" lon="106.951894">
        <ele>1342.87</ele>
      </trkpt>
      <trkpt lat="-6.635186940446983" lon="106.95189959141354">
        <ele>1342.8039196582627</ele>
      </trkpt>
      <trkpt lat="-6.635187" lon="106.9519">
        <ele>1342.8</ele>
      </trkpt>
      <trkpt lat="-6.635213" lon="106.951905">
        <ele>1342.74</ele>
      </trkpt>
      <trkpt lat="-6.635252" lon="106.951899">
        <ele>1342.15</ele>
      </trkpt>
      <trkpt lat="-6.635279" lon="106.951884">
        <ele>1341.68</ele>
      </trkpt>
      <trkpt lat="-6.635332" lon="106.951821">
        <ele>1341.76</ele>
      </trkpt>
      <trkpt lat="-6.635393" lon="106.951789">
        <ele>1341.2</ele>
      </trkpt>
      <trkpt lat="-6.635414" lon="106.951785">
        <ele>1340.62</ele>
      </trkpt>
      <trkpt lat="-6.635478" lon="106.951806">
        <ele>1338.1</ele>
      </trkpt>
      <trkpt lat="-6.635521" lon="106.951846">
        <ele>1335.98</ele>
      </trkpt>
      <trkpt lat="-6.635577" lon="106.95186">
        <ele>1334.03</ele>
      </trkpt>
      <trkpt lat="-6.635617" lon="106.951856">
        <ele>1332.89</ele>
      </trkpt>
      <trkpt lat="-6.635764" lon="106.951811">
        <ele>1329.1</ele>
      </trkpt>
      <trkpt lat="-6.635794" lon="106.951808">
        <ele>1328.35</ele>
      </trkpt>
      <trkpt lat="-6.635912" lon="106.951858">
        <ele>1325.04</ele>
      </trkpt>
      <trkpt lat="-6.635971" lon="106.951864">
        <ele>1323.93</ele>
      </trkpt>
      <trkpt lat="-6.636102" lon="106.951903">
        <ele>1321.42</ele>
      </trkpt>
      <trkpt lat="-6.636222" lon="106.951888">
        <ele>1318.61</ele>
      </trkpt>
      <trkpt lat="-6.636274" lon="106.951906">
        <ele>1317.52</ele>
      </trkpt>
      <trkpt lat="-6.636376" lon="106.951917">
        <ele>1315.61</ele>
      </trkpt>
      <trkpt lat="-6.636414" lon="106.95194">
        <ele>1314.76</ele>
      </trkpt>
      <trkpt lat="-6.63645" lon="106.951948">
        <ele>1313.89</ele>
      </trkpt>
      <trkpt lat="-6.636513" lon="106.951925">
        <ele>1312.55</ele>
      </trkpt>
      <trkpt lat="-6.636645" lon="106.951924">
        <ele>1309.55</ele>
      </trkpt>
      <trkpt lat="-6.636717" lon="106.951881">
        <ele>1308.02</ele>
      </trkpt>
      <trkpt lat="-6.636816" lon="106.951852">
        <ele>1306.03</ele>
      </trkpt>
      <trkpt lat="-6.636878" lon="106.951818">
        <ele>1304.94</ele>
      </trkpt>
      <trkpt lat="-6.636923" lon="106.951782">
        <ele>1304.15</ele>
      </trkpt>
      <trkpt lat="-6.636997" lon="106.951746">
        <ele>1302.93</ele>
      </trkpt>
      <trkpt lat="-6.637038" lon="106.951708">
        <ele>1302.13</ele>
      </trkpt>
      <trkpt lat="-6.637204" lon="106.951628">
        <ele>1299.87</ele>
      </trkpt>
      <trkpt lat="-6.637204" lon="106.951628">
        <ele>1299.87</ele>
      </trkpt>
      <trkpt lat="-6.637237" lon="106.951612">
        <ele>1299.42</ele>
      </trkpt>
      <trkpt lat="-6.637285" lon="106.951603">
        <ele>1298.79</ele>
      </trkpt>
      <trkpt lat="-6.637351" lon="106.951602">
        <ele>1297.63</ele>
      </trkpt>
      <trkpt lat="-6.637485" lon="106.951617">
        <ele>1295.17</ele>
      </trkpt>
      <trkpt lat="-6.637603" lon="106.951602">
        <ele>1292.87</ele>
      </trkpt>
      <trkpt lat="-6.637771" lon="106.951653">
        <ele>1287.77</ele>
      </trkpt>
      <trkpt lat="-6.637809" lon="106.951672">
        <ele>1286.38</ele>
      </trkpt>
      <trkpt lat="-6.637841" lon="106.9517">
        <ele>1285.1</ele>
      </trkpt>
      <trkpt lat="-6.637882" lon="106.951777">
        <ele>1283.45</ele>
      </trkpt>
      <trkpt lat="-6.6379" lon="106.951798">
        <ele>1282.82</ele>
      </trkpt>
      <trkpt lat="-6.637951" lon="106.951828">
        <ele>1281.17</ele>
      </trkpt>
      <trkpt lat="-6.638007" lon="106.951874">
        <ele>1278.93</ele>
      </trkpt>
      <trkpt lat="-6.638052" lon="106.951932">
        <ele>1277.12</ele>
      </trkpt>
      <trkpt lat="-6.638092" lon="106.951954">
        <ele>1275.69</ele>
      </trkpt>
      <trkpt lat="-6.63813" lon="106.951961">
        <ele>1274.39</ele>
      </trkpt>
      <trkpt lat="-6.63825" lon="106.951922">
        <ele>1270.8</ele>
      </trkpt>
      <trkpt lat="-6.638336" lon="106.951878">
        <ele>1267.84</ele>
      </trkpt>
      <trkpt lat="-6.638514" lon="106.95174">
        <ele>1261.33</ele>
      </trkpt>
      <trkpt lat="-6.638706" lon="106.951623">
        <ele>1256.52</ele>
      </trkpt>
      <trkpt lat="-6.638895" lon="106.951557">
        <ele>1253.23</ele>
      </trkpt>
      <trkpt lat="-6.638937" lon="106.951564">
        <ele>1252.82</ele>
      </trkpt>
      <trkpt lat="-6.639013" lon="106.951603">
        <ele>1252.38</ele>
      </trkpt>
      <trkpt lat="-6.639104" lon="106.951589">
        <ele>1251.15</ele>
      </trkpt>
      <trkpt lat="-6.639258" lon="106.951616">
        <ele>1249.66</ele>
      </trkpt>
      <trkpt lat="-6.639354" lon="106.951598">
        <ele>1248.09</ele>
      </trkpt>
      <trkpt lat="-6.639564" lon="106.95159">
        <ele>1243.84</ele>
      </trkpt>
      <trkpt lat="-6.639664" lon="106.951613">
        <ele>1242.31</ele>
      </trkpt>
      <trkpt lat="-6.63977" lon="106.951624">
        <ele>1239.41</ele>
      </trkpt>
      <trkpt lat="-6.639879" lon="106.951612">
        <ele>1235.91</ele>
      </trkpt>
      <trkpt lat="-6.639908" lon="106.951615">
        <ele>1235.03</ele>
      </trkpt>
      <trkpt lat="-6.639991" lon="106.95165">
        <ele>1232.81</ele>
      </trkpt>
      <trkpt lat="-6.640089" lon="106.951732">
        <ele>1230.48</ele>
      </trkpt>
      <trkpt lat="-6.640131" lon="106.951793">
        <ele>1230.07</ele>
      </trkpt>
      <trkpt lat="-6.640169" lon="106.951875">
        <ele>1230.16</ele>
      </trkpt>
      <trkpt lat="-6.640193" lon="106.951897">
        <ele>1229.78</ele>
      </trkpt>
      <trkpt lat="-6.640272" lon="106.951947">
        <ele>1228</ele>
      </trkpt>
      <trkpt lat="-6.640488" lon="106.952019">
        <ele>1222.23</ele>
      </trkpt>
      <trkpt lat="-6.640566" lon="106.952055">
        <ele>1220.64</ele>
      </trkpt>
      <trkpt lat="-6.640683" lon="106.952149">
        <ele>1218.35</ele>
      </trkpt>
      <trkpt lat="-6.640713" lon="106.952188">
        <ele>1217.8</ele>
      </trkpt>
      <trkpt lat="-6.640722" lon="106.952228">
        <ele>1217.86</ele>
      </trkpt>
      <trkpt lat="-6.640714" lon="106.952279">
        <ele>1217.51</ele>
      </trkpt>
      <trkpt lat="-6.640656" lon="106.952374">
        <ele>1219.03</ele>
      </trkpt>
      <trkpt lat="-6.640595" lon="106.952505">
        <ele>1219.61</ele>
      </trkpt>
      <trkpt lat="-6.640575" lon="106.952565">
        <ele>1219.53</ele>
      </trkpt>
      <trkpt lat="-6.640555" lon="106.952598">
        <ele>1219.91</ele>
      </trkpt>
      <trkpt lat="-6.640519" lon="106.952793">
        <ele>1216.56</ele>
      </trkpt>
      <trkpt lat="-6.64047" lon="106.952879">
        <ele>1217.85</ele>
      </trkpt>
      <trkpt lat="-6.640461" lon="106.952941">
        <ele>1216.62</ele>
      </trkpt>
      <trkpt lat="-6.640479" lon="106.953124">
        <ele>1209.91</ele>
      </trkpt>
      <trkpt lat="-6.640447" lon="106.953224">
        <ele>1209.54</ele>
      </trkpt>
      <trkpt lat="-6.640431" lon="106.953342">
        <ele>1208.45</ele>
      </trkpt>
      <trkpt lat="-6.640437" lon="106.95339">
        <ele>1207.43</ele>
      </trkpt>
      <trkpt lat="-6.64047" lon="106.953458">
        <ele>1205.26</ele>
      </trkpt>
      <trkpt lat="-6.640646" lon="106.95365">
        <ele>1199.77</ele>
      </trkpt>
      <trkpt lat="-6.640677" lon="106.9537">
        <ele>1199.47</ele>
      </trkpt>
      <trkpt lat="-6.640812" lon="106.95377">
        <ele>1197.8</ele>
      </trkpt>
      <trkpt lat="-6.640911" lon="106.95384">
        <ele>1196.61</ele>
      </trkpt>
      <trkpt lat="-6.640981" lon="106.953864">
        <ele>1195.77</ele>
      </trkpt>
      <trkpt lat="-6.641066" lon="106.953876">
        <ele>1194.66</ele>
      </trkpt>
      <trkpt lat="-6.641124" lon="106.953899">
        <ele>1193.98</ele>
      </trkpt>
      <trkpt lat="-6.641169" lon="106.953907">
        <ele>1193.31</ele>
      </trkpt>
      <trkpt lat="-6.641235" lon="106.953912">
        <ele>1192.42</ele>
      </trkpt>
      <trkpt lat="-6.641307" lon="106.953906">
        <ele>1191.54</ele>
      </trkpt>
      <trkpt lat="-6.641377" lon="106.953916">
        <ele>1190.78</ele>
      </trkpt>
      <trkpt lat="-6.641504" lon="106.953911">
        <ele>1189.26</ele>
      </trkpt>
      <trkpt lat="-6.641709" lon="106.953976">
        <ele>1187.24</ele>
      </trkpt>
      <trkpt lat="-6.641862" lon="106.954114">
        <ele>1186.25</ele>
      </trkpt>
      <trkpt lat="-6.642013" lon="106.954296">
        <ele>1185.51</ele>
      </trkpt>
      <trkpt lat="-6.642088" lon="106.954409">
        <ele>1184.64</ele>
      </trkpt>
      <trkpt lat="-6.642169" lon="106.954494">
        <ele>1183.87</ele>
      </trkpt>
      <trkpt lat="-6.64223" lon="106.954571">
        <ele>1183.61</ele>
      </trkpt>
      <trkpt lat="-6.642272" lon="106.954587">
        <ele>1183.39</ele>
      </trkpt>
      <trkpt lat="-6.6425" lon="106.954603">
        <ele>1181.44</ele>
      </trkpt>
      <trkpt lat="-6.642536" lon="106.954621">
        <ele>1181.23</ele>
      </trkpt>
      <trkpt lat="-6.642559" lon="106.954645">
        <ele>1181.18</ele>
      </trkpt>
      <trkpt lat="-6.64258" lon="106.954686">
        <ele>1181.09</ele>
      </trkpt>
      <trkpt lat="-6.64259" lon="106.954749">
        <ele>1181.22</ele>
      </trkpt>
      <trkpt lat="-6.642576" lon="106.954889">
        <ele>1181.84</ele>
      </trkpt>
      <trkpt lat="-6.642582" lon="106.954915">
        <ele>1181.7</ele>
      </trkpt>
      <trkpt lat="-6.64261" lon="106.954961">
        <ele>1181.05</ele>
      </trkpt>
      <trkpt lat="-6.642669" lon="106.954991">
        <ele>1179.67</ele>
      </trkpt>
      <trkpt lat="-6.642802" lon="106.955031">
        <ele>1176.55</ele>
      </trkpt>
      <trkpt lat="-6.642949" lon="106.955087">
        <ele>1173.11</ele>
      </trkpt>
      <trkpt lat="-6.643042" lon="106.955146">
        <ele>1170.93</ele>
      </trkpt>
      <trkpt lat="-6.643233" lon="106.955348">
        <ele>1166.45</ele>
      </trkpt>
      <trkpt lat="-6.643256" lon="106.955395">
        <ele>1165.92</ele>
      </trkpt>
      <trkpt lat="-6.64328" lon="106.955504">
        <ele>1165.32</ele>
      </trkpt>
      <trkpt lat="-6.643307" lon="106.95555">
        <ele>1164.61</ele>
      </trkpt>
      <trkpt lat="-6.643349" lon="106.955589">
        <ele>1163.81</ele>
      </trkpt>
      <trkpt lat="-6.643398" lon="106.955615">
        <ele>1163.09</ele>
      </trkpt>
      <trkpt lat="-6.643424" lon="106.955622">
        <ele>1162.74</ele>
      </trkpt>
      <trkpt lat="-6.643473" lon="106.955619">
        <ele>1162.35</ele>
      </trkpt>
      <trkpt lat="-6.64356" lon="106.955581">
        <ele>1161.3</ele>
      </trkpt>
      <trkpt lat="-6.643606" lon="106.955541">
        <ele>1160.42</ele>
      </trkpt>
      <trkpt lat="-6.643605" lon="106.955503">
        <ele>1159.98</ele>
      </trkpt>
      <trkpt lat="-6.643614" lon="106.955493">
        <ele>1159.76</ele>
      </trkpt>
      <trkpt lat="-6.643657" lon="106.955518">
        <ele>1159.59</ele>
      </trkpt>
      <trkpt lat="-6.643757" lon="106.955521">
        <ele>1158.55</ele>
      </trkpt>
      <trkpt lat="-6.643882" lon="106.95554">
        <ele>1158.47</ele>
      </trkpt>
      <trkpt lat="-6.643897" lon="106.95556">
        <ele>1158.95</ele>
      </trkpt>
      <trkpt lat="-6.643913" lon="106.955626">
        <ele>1160.75</ele>
      </trkpt>
      <trkpt lat="-6.643923" lon="106.955642">
        <ele>1161.23</ele>
      </trkpt>
      <trkpt lat="-6.643939" lon="106.955649">
        <ele>1161.51</ele>
      </trkpt>
      <trkpt lat="-6.644025" lon="106.955656">
        <ele>1162.66</ele>
      </trkpt>
      <trkpt lat="-6.644105" lon="106.955636">
        <ele>1162.73</ele>
      </trkpt>
      <trkpt lat="-6.644165" lon="106.955631">
        <ele>1163.56</ele>
      </trkpt>
      <trkpt lat="-6.644241" lon="106.95561">
        <ele>1164.04</ele>
      </trkpt>
      <trkpt lat="-6.644297" lon="106.955573">
        <ele>1163.53</ele>
      </trkpt>
      <trkpt lat="-6.644364" lon="106.95555">
        <ele>1163.94</ele>
      </trkpt>
      <trkpt lat="-6.644419" lon="106.955519">
        <ele>1164.06</ele>
      </trkpt>
      <trkpt lat="-6.644491" lon="106.955516">
        <ele>1164.83</ele>
      </trkpt>
      <trkpt lat="-6.644559" lon="106.955501">
        <ele>1164.8</ele>
      </trkpt>
      <trkpt lat="-6.6446" lon="106.95552">
        <ele>1165.49</ele>
      </trkpt>
      <trkpt lat="-6.644654" lon="106.955605">
        <ele>1167.24</ele>
      </trkpt>
      <trkpt lat="-6.644724" lon="106.955623">
        <ele>1166.91</ele>
      </trkpt>
      <trkpt lat="-6.644848" lon="106.95563">
        <ele>1166.09</ele>
      </trkpt>
      <trkpt lat="-6.645023" lon="106.955592">
        <ele>1165.45</ele>
      </trkpt>
      <trkpt lat="-6.645146" lon="106.955598">
        <ele>1166.16</ele>
      </trkpt>
      <trkpt lat="-6.64529" lon="106.955657">
        <ele>1167.85</ele>
      </trkpt>
      <trkpt lat="-6.645439" lon="106.955665">
        <ele>1169.59</ele>
      </trkpt>
      <trkpt lat="-6.645508" lon="106.955705">
        <ele>1170.79</ele>
      </trkpt>
      <trkpt lat="-6.645602" lon="106.955836">
        <ele>1172.49</ele>
      </trkpt>
      <trkpt lat="-6.645687" lon="106.955877">
        <ele>1173.91</ele>
      </trkpt>
      <trkpt lat="-6.645863" lon="106.955906">
        <ele>1176.55</ele>
      </trkpt>
      <trkpt lat="-6.645811" lon="106.95569">
        <ele>1175.92</ele>
      </trkpt>
      <trkpt lat="-6.645812" lon="106.955607">
        <ele>1175.6</ele>
      </trkpt>
      <trkpt lat="-6.645864" lon="106.955477">
        <ele>1175</ele>
      </trkpt>
      <trkpt lat="-6.645973" lon="106.955257">
        <ele>1172.7</ele>
      </trkpt>
      <trkpt lat="-6.646217" lon="106.954899">
        <ele>1169.12</ele>
      </trkpt>
      <trkpt lat="-6.646306" lon="106.954687">
        <ele>1166.75</ele>
      </trkpt>
      <trkpt lat="-6.646314" lon="106.954588">
        <ele>1165.35</ele>
      </trkpt>
      <trkpt lat="-6.64629" lon="106.954396">
        <ele>1162.48</ele>
      </trkpt>
      <trkpt lat="-6.646309" lon="106.954345">
        <ele>1161.8</ele>
      </trkpt>
      <trkpt lat="-6.646356" lon="106.954306">
        <ele>1161.45</ele>
      </trkpt>
      <trkpt lat="-6.646459" lon="106.954267">
        <ele>1161.22</ele>
      </trkpt>
      <trkpt lat="-6.646811" lon="106.953882">
        <ele>1154.93</ele>
      </trkpt>
      <trkpt lat="-6.646835" lon="106.953825">
        <ele>1154.05</ele>
      </trkpt>
      <trkpt lat="-6.646907" lon="106.953549">
        <ele>1151.71</ele>
      </trkpt>
      <trkpt lat="-6.646924" lon="106.953398">
        <ele>1150.76</ele>
      </trkpt>
      <trkpt lat="-6.646924" lon="106.95329">
        <ele>1150.13</ele>
      </trkpt>
      <trkpt lat="-6.646911" lon="106.953169">
        <ele>1148.96</ele>
      </trkpt>
      <trkpt lat="-6.646861" lon="106.95304">
        <ele>1146.22</ele>
      </trkpt>
      <trkpt lat="-6.646831" lon="106.952925">
        <ele>1143.77</ele>
      </trkpt>
      <trkpt lat="-6.646842" lon="106.952793">
        <ele>1141.94</ele>
      </trkpt>
      <trkpt lat="-6.646866" lon="106.952732">
        <ele>1141.84</ele>
      </trkpt>
      <trkpt lat="-6.647198" lon="106.952291">
        <ele>1143.43</ele>
      </trkpt>
      <trkpt lat="-6.647265" lon="106.952177">
        <ele>1143.03</ele>
      </trkpt>
      <trkpt lat="-6.647347" lon="106.951997">
        <ele>1141.94</ele>
      </trkpt>
      <trkpt lat="-6.647386" lon="106.951796">
        <ele>1139.28</ele>
      </trkpt>
      <trkpt lat="-6.647411" lon="106.951733">
        <ele>1138.64</ele>
      </trkpt>
      <trkpt lat="-6.647459" lon="106.951671">
        <ele>1137.78</ele>
      </trkpt>
      <trkpt lat="-6.647526" lon="106.95155">
        <ele>1135.3</ele>
      </trkpt>
      <trkpt lat="-6.647669" lon="106.95134">
        <ele>1132.38</ele>
      </trkpt>
      <trkpt lat="-6.647728" lon="106.951292">
        <ele>1131.79</ele>
      </trkpt>
      <trkpt lat="-6.648007" lon="106.95112">
        <ele>1128.69</ele>
      </trkpt>
      <trkpt lat="-6.648103" lon="106.951021">
        <ele>1126.58</ele>
      </trkpt>
      <trkpt lat="-6.648207" lon="106.950861">
        <ele>1123.18</ele>
      </trkpt>
      <trkpt lat="-6.648303" lon="106.950661">
        <ele>1119.13</ele>
      </trkpt>
      <trkpt lat="-6.648348" lon="106.950543">
        <ele>1116.79</ele>
      </trkpt>
      <trkpt lat="-6.648381" lon="106.950418">
        <ele>1113.93</ele>
      </trkpt>
      <trkpt lat="-6.648379" lon="106.950369">
        <ele>1112.8</ele>
      </trkpt>
      <trkpt lat="-6.648351" lon="106.950282">
        <ele>1111.34</ele>
      </trkpt>
      <trkpt lat="-6.648302" lon="106.950212">
        <ele>1110.43</ele>
      </trkpt>
      <trkpt lat="-6.648141" lon="106.950042">
        <ele>1108.35</ele>
      </trkpt>
      <trkpt lat="-6.648082" lon="106.950004">
        <ele>1108.5</ele>
      </trkpt>
      <trkpt lat="-6.648013" lon="106.949973">
        <ele>1109</ele>
      </trkpt>
      <trkpt lat="-6.647968" lon="106.949941">
        <ele>1109.04</ele>
      </trkpt>
      <trkpt lat="-6.647857" lon="106.949813">
        <ele>1107.93</ele>
      </trkpt>
      <trkpt lat="-6.647643" lon="106.949655">
        <ele>1106.5</ele>
      </trkpt>
      <trkpt lat="-6.64758" lon="106.949601">
        <ele>1105.52</ele>
      </trkpt>
      <trkpt lat="-6.647345" lon="106.949453">
        <ele>1102.49</ele>
      </trkpt>
      <trkpt lat="-6.647274" lon="106.949423">
        <ele>1101.78</ele>
      </trkpt>
      <trkpt lat="-6.647121" lon="106.94939">
        <ele>1101.04</ele>
      </trkpt>
      <trkpt lat="-6.647064" lon="106.949363">
        <ele>1100.4</ele>
      </trkpt>
      <trkpt lat="-6.647034" lon="106.949339">
        <ele>1099.84</ele>
      </trkpt>
      <trkpt lat="-6.6470346456394225" lon="106.94933848757859">
        <ele>1103.205003056118</ele>
      </trkpt>
      <trkpt lat="-6.647034" lon="106.949339">
        <ele>1099.84</ele>
      </trkpt>
      <trkpt lat="-6.647064" lon="106.949363">
        <ele>1100.4</ele>
      </trkpt>
      <trkpt lat="-6.647121" lon="106.94939">
        <ele>1101.04</ele>
      </trkpt>
      <trkpt lat="-6.647274" lon="106.949423">
        <ele>1101.78</ele>
      </trkpt>
      <trkpt lat="-6.647345" lon="106.949453">
        <ele>1102.49</ele>
      </trkpt>
      <trkpt lat="-6.64758" lon="106.949601">
        <ele>1105.52</ele>
      </trkpt>
      <trkpt lat="-6.647643" lon="106.949655">
        <ele>1106.5</ele>
      </trkpt>
      <trkpt lat="-6.647857" lon="106.949813">
        <ele>1107.93</ele>
      </trkpt>
      <trkpt lat="-6.647968" lon="106.949941">
        <ele>1109.04</ele>
      </trkpt>
      <trkpt lat="-6.648013" lon="106.949973">
        <ele>1109</ele>
      </trkpt>
      <trkpt lat="-6.648082" lon="106.950004">
        <ele>1108.5</ele>
      </trkpt>
      <trkpt lat="-6.648141" lon="106.950042">
        <ele>1108.35</ele>
      </trkpt>
      <trkpt lat="-6.648302" lon="106.950212">
        <ele>1110.43</ele>
      </trkpt>
      <trkpt lat="-6.648351" lon="106.950282">
        <ele>1111.34</ele>
      </trkpt>
      <trkpt lat="-6.648379" lon="106.950369">
        <ele>1112.8</ele>
      </trkpt>
      <trkpt lat="-6.648381" lon="106.950418">
        <ele>1113.93</ele>
      </trkpt>
      <trkpt lat="-6.648348" lon="106.950543">
        <ele>1116.79</ele>
      </trkpt>
      <trkpt lat="-6.648303" lon="106.950661">
        <ele>1119.13</ele>
      </trkpt>
      <trkpt lat="-6.648207" lon="106.950861">
        <ele>1123.18</ele>
      </trkpt>
      <trkpt lat="-6.648103" lon="106.951021">
        <ele>1126.58</ele>
      </trkpt>
      <trkpt lat="-6.648007" lon="106.95112">
        <ele>1128.69</ele>
      </trkpt>
      <trkpt lat="-6.647728" lon="106.951292">
        <ele>1131.79</ele>
      </trkpt>
      <trkpt lat="-6.647669" lon="106.95134">
        <ele>1132.38</ele>
      </trkpt>
      <trkpt lat="-6.647526" lon="106.95155">
        <ele>1135.3</ele>
      </trkpt>
      <trkpt lat="-6.647459" lon="106.951671">
        <ele>1137.78</ele>
      </trkpt>
      <trkpt lat="-6.647411" lon="106.951733">
        <ele>1138.64</ele>
      </trkpt>
      <trkpt lat="-6.647386" lon="106.951796">
        <ele>1139.28</ele>
      </trkpt>
      <trkpt lat="-6.647347" lon="106.951997">
        <ele>1141.94</ele>
      </trkpt>
      <trkpt lat="-6.647325" lon="106.952048">
        <ele>1142.48</ele>
      </trkpt>
      <trkpt lat="-6.647265" lon="106.952177">
        <ele>1143.03</ele>
      </trkpt>
      <trkpt lat="-6.647198" lon="106.952291">
        <ele>1143.43</ele>
      </trkpt>
      <trkpt lat="-6.6469" lon="106.952682">
        <ele>1142.13</ele>
      </trkpt>
      <trkpt lat="-6.646866" lon="106.952732">
        <ele>1141.84</ele>
      </trkpt>
      <trkpt lat="-6.646842" lon="106.952793">
        <ele>1141.94</ele>
      </trkpt>
      <trkpt lat="-6.646831" lon="106.952925">
        <ele>1143.77</ele>
      </trkpt>
      <trkpt lat="-6.646861" lon="106.95304">
        <ele>1146.22</ele>
      </trkpt>
      <trkpt lat="-6.646911" lon="106.953169">
        <ele>1148.96</ele>
      </trkpt>
      <trkpt lat="-6.646924" lon="106.95329">
        <ele>1150.13</ele>
      </trkpt>
      <trkpt lat="-6.646924" lon="106.953398">
        <ele>1150.76</ele>
      </trkpt>
      <trkpt lat="-6.646907" lon="106.953549">
        <ele>1151.71</ele>
      </trkpt>
      <trkpt lat="-6.646835" lon="106.953825">
        <ele>1154.05</ele>
      </trkpt>
      <trkpt lat="-6.646811" lon="106.953882">
        <ele>1154.93</ele>
      </trkpt>
      <trkpt lat="-6.646459" lon="106.954267">
        <ele>1161.22</ele>
      </trkpt>
      <trkpt lat="-6.646356" lon="106.954306">
        <ele>1161.45</ele>
      </trkpt>
      <trkpt lat="-6.646309" lon="106.954345">
        <ele>1161.8</ele>
      </trkpt>
      <trkpt lat="-6.64629" lon="106.954396">
        <ele>1162.48</ele>
      </trkpt>
      <trkpt lat="-6.646314" lon="106.954588">
        <ele>1165.35</ele>
      </trkpt>
      <trkpt lat="-6.646306" lon="106.954687">
        <ele>1166.75</ele>
      </trkpt>
      <trkpt lat="-6.646217" lon="106.954899">
        <ele>1169.12</ele>
      </trkpt>
      <trkpt lat="-6.645973" lon="106.955257">
        <ele>1172.7</ele>
      </trkpt>
      <trkpt lat="-6.645864" lon="106.955477">
        <ele>1175</ele>
      </trkpt>
      <trkpt lat="-6.645812" lon="106.955607">
        <ele>1175.6</ele>
      </trkpt>
      <trkpt lat="-6.645811" lon="106.95569">
        <ele>1175.92</ele>
      </trkpt>
      <trkpt lat="-6.645863" lon="106.955906">
        <ele>1176.55</ele>
      </trkpt>
      <trkpt lat="-6.645743" lon="106.955886">
        <ele>1174.76</ele>
      </trkpt>
      <trkpt lat="-6.645716122751068" lon="106.95604938166662">
        <ele>1179.80595954491</ele>
      </trkpt>
      <trkpt lat="-6.645743" lon="106.955886">
        <ele>1174.76</ele>
      </trkpt>
      <trkpt lat="-6.645687" lon="106.955877">
        <ele>1173.91</ele>
      </trkpt>
      <trkpt lat="-6.645602" lon="106.955836">
        <ele>1172.49</ele>
      </trkpt>
      <trkpt lat="-6.645508" lon="106.955705">
        <ele>1170.79</ele>
      </trkpt>
      <trkpt lat="-6.645439" lon="106.955665">
        <ele>1169.59</ele>
      </trkpt>
      <trkpt lat="-6.64529" lon="106.955657">
        <ele>1167.85</ele>
      </trkpt>
      <trkpt lat="-6.645146" lon="106.955598">
        <ele>1166.16</ele>
      </trkpt>
      <trkpt lat="-6.645023" lon="106.955592">
        <ele>1165.45</ele>
      </trkpt>
      <trkpt lat="-6.644848" lon="106.95563">
        <ele>1166.09</ele>
      </trkpt>
      <trkpt lat="-6.644738" lon="106.955624">
        <ele>1166.82</ele>
      </trkpt>
      <trkpt lat="-6.644654" lon="106.955605">
        <ele>1167.24</ele>
      </trkpt>
      <trkpt lat="-6.644642" lon="106.955761">
        <ele>1171.88</ele>
      </trkpt>
      <trkpt lat="-6.644632" lon="106.955804">
        <ele>1173.53</ele>
      </trkpt>
      <trkpt lat="-6.6446" lon="106.955836">
        <ele>1175.14</ele>
      </trkpt>
      <trkpt lat="-6.644477" lon="106.955895">
        <ele>1178.92</ele>
      </trkpt>
      <trkpt lat="-6.644387" lon="106.955992">
        <ele>1183.52</ele>
      </trkpt>
      <trkpt lat="-6.644301" lon="106.956217">
        <ele>1194.47</ele>
      </trkpt>
      <trkpt lat="-6.644222" lon="106.95625">
        <ele>1196.23</ele>
      </trkpt>
      <trkpt lat="-6.644024" lon="106.95625">
        <ele>1196.01</ele>
      </trkpt>
      <trkpt lat="-6.643939" lon="106.956292">
        <ele>1197.76</ele>
      </trkpt>
      <trkpt lat="-6.643854" lon="106.95641">
        <ele>1201.82</ele>
      </trkpt>
      <trkpt lat="-6.643763" lon="106.956512">
        <ele>1204.37</ele>
      </trkpt>
      <trkpt lat="-6.643726" lon="106.956598">
        <ele>1206.25</ele>
      </trkpt>
      <trkpt lat="-6.64371" lon="106.956689">
        <ele>1208.74</ele>
      </trkpt>
      <trkpt lat="-6.643651" lon="106.956818">
        <ele>1211.24</ele>
      </trkpt>
      <trkpt lat="-6.643555" lon="106.956829">
        <ele>1210.33</ele>
      </trkpt>
      <trkpt lat="-6.643508" lon="106.956845">
        <ele>1210.23</ele>
      </trkpt>
      <trkpt lat="-6.643412" lon="106.956947">
        <ele>1212.07</ele>
      </trkpt>
      <trkpt lat="-6.643374" lon="106.956968">
        <ele>1212.26</ele>
      </trkpt>
      <trkpt lat="-6.643225" lon="106.956952">
        <ele>1209.97</ele>
      </trkpt>
      <trkpt lat="-6.643188" lon="106.956979">
        <ele>1210.15</ele>
      </trkpt>
      <trkpt lat="-6.643076" lon="106.957135">
        <ele>1212.45</ele>
      </trkpt>
      <trkpt lat="-6.642953" lon="106.957338">
        <ele>1213.51</ele>
      </trkpt>
      <trkpt lat="-6.642948" lon="106.957478">
        <ele>1217.92</ele>
      </trkpt>
      <trkpt lat="-6.642916" lon="106.957558">
        <ele>1219.23</ele>
      </trkpt>
      <trkpt lat="-6.642778" lon="106.957741">
        <ele>1217.53</ele>
      </trkpt>
      <trkpt lat="-6.642735" lon="106.957827">
        <ele>1218.07</ele>
      </trkpt>
      <trkpt lat="-6.642724" lon="106.957875">
        <ele>1219.19</ele>
      </trkpt>
      <trkpt lat="-6.642724" lon="106.958106">
        <ele>1224.47</ele>
      </trkpt>
      <trkpt lat="-6.642692" lon="106.958379">
        <ele>1224.32</ele>
      </trkpt>
      <trkpt lat="-6.64274" lon="106.958454">
        <ele>1225.8</ele>
      </trkpt>
      <trkpt lat="-6.642778" lon="106.958535">
        <ele>1226.42</ele>
      </trkpt>
      <trkpt lat="-6.642788" lon="106.958583">
        <ele>1226.45</ele>
      </trkpt>
      <trkpt lat="-6.642772" lon="106.958626">
        <ele>1225.57</ele>
      </trkpt>
      <trkpt lat="-6.642755" lon="106.95865">
        <ele>1224.79</ele>
      </trkpt>
      <trkpt lat="-6.642670100195446" lon="106.95858885985217">
        <ele>1225.110013746308</ele>
      </trkpt>
      <trkpt lat="-6.642755" lon="106.95865">
        <ele>1224.79</ele>
      </trkpt>
      <trkpt lat="-6.642719" lon="106.958701">
        <ele>1223.13</ele>
      </trkpt>
      <trkpt lat="-6.642735" lon="106.958744">
        <ele>1223.09</ele>
      </trkpt>
      <trkpt lat="-6.642767" lon="106.958776">
        <ele>1223.93</ele>
      </trkpt>
      <trkpt lat="-6.642804" lon="106.958846">
        <ele>1225.07</ele>
      </trkpt>
      <trkpt lat="-6.642852" lon="106.959044">
        <ele>1226.28</ele>
      </trkpt>
      <trkpt lat="-6.642852" lon="106.959093">
        <ele>1226.28</ele>
      </trkpt>
      <trkpt lat="-6.642905" lon="106.959366">
        <ele>1228.38</ele>
      </trkpt>
      <trkpt lat="-6.643065" lon="106.959763">
        <ele>1234.35</ele>
      </trkpt>
      <trkpt lat="-6.643124" lon="106.959983">
        <ele>1236.57</ele>
      </trkpt>
      <trkpt lat="-6.643055" lon="106.960257">
        <ele>1237.58</ele>
      </trkpt>
      <trkpt lat="-6.642932" lon="106.960563">
        <ele>1240.76</ele>
      </trkpt>
      <trkpt lat="-6.642905" lon="106.960659">
        <ele>1242.04</ele>
      </trkpt>
      <trkpt lat="-6.642879" lon="106.960836">
        <ele>1244.97</ele>
      </trkpt>
      <trkpt lat="-6.64282" lon="106.960959">
        <ele>1246.78</ele>
      </trkpt>
      <trkpt lat="-6.642825" lon="106.961222">
        <ele>1251.75</ele>
      </trkpt>
      <trkpt lat="-6.642815" lon="106.961265">
        <ele>1252.21</ele>
      </trkpt>
      <trkpt lat="-6.642783" lon="106.961292">
        <ele>1252.09</ele>
      </trkpt>
      <trkpt lat="-6.642762" lon="106.96133">
        <ele>1252.22</ele>
      </trkpt>
      <trkpt lat="-6.642762" lon="106.961378">
        <ele>1252.79</ele>
      </trkpt>
      <trkpt lat="-6.642772" lon="106.961421">
        <ele>1253.47</ele>
      </trkpt>
      <trkpt lat="-6.642825" lon="106.961491">
        <ele>1255.22</ele>
      </trkpt>
      <trkpt lat="-6.642863" lon="106.961571">
        <ele>1256.81</ele>
      </trkpt>
      <trkpt lat="-6.642937" lon="106.961678">
        <ele>1259.37</ele>
      </trkpt>
      <trkpt lat="-6.643087" lon="106.961968">
        <ele>1264.36</ele>
      </trkpt>
      <trkpt lat="-6.64322" lon="106.962145">
        <ele>1268.22</ele>
      </trkpt>
      <trkpt lat="-6.643278" lon="106.962274">
        <ele>1270.28</ele>
      </trkpt>
      <trkpt lat="-6.643289" lon="106.96236">
        <ele>1271.46</ele>
      </trkpt>
      <trkpt lat="-6.643248" lon="106.96245">
        <ele>1271.95</ele>
      </trkpt>
      <trkpt lat="-6.643156" lon="106.962655">
        <ele>1273.04</ele>
      </trkpt>
      <trkpt lat="-6.643103" lon="106.96273">
        <ele>1274.19</ele>
      </trkpt>
      <trkpt lat="-6.643055" lon="106.962735">
        <ele>1274.45</ele>
      </trkpt>
      <trkpt lat="-6.642921" lon="106.962681">
        <ele>1274.29</ele>
      </trkpt>
      <trkpt lat="-6.642873" lon="106.962681">
        <ele>1274.96</ele>
      </trkpt>
      <trkpt lat="-6.642772" lon="106.962767">
        <ele>1278.06</ele>
      </trkpt>
      <trkpt lat="-6.642666" lon="106.962778">
        <ele>1280.43</ele>
      </trkpt>
      <trkpt lat="-6.642591" lon="106.962714">
        <ele>1281.35</ele>
      </trkpt>
      <trkpt lat="-6.642527" lon="106.962639">
        <ele>1280.66</ele>
      </trkpt>
      <trkpt lat="-6.642484" lon="106.962622">
        <ele>1281.19</ele>
      </trkpt>
      <trkpt lat="-6.642239" lon="106.962628">
        <ele>1286.1</ele>
      </trkpt>
      <trkpt lat="-6.642149" lon="106.962649">
        <ele>1287.36</ele>
      </trkpt>
      <trkpt lat="-6.642127" lon="106.962687">
        <ele>1288.81</ele>
      </trkpt>
      <trkpt lat="-6.642117" lon="106.962773">
        <ele>1291.36</ele>
      </trkpt>
      <trkpt lat="-6.642053" lon="106.962993">
        <ele>1300.25</ele>
      </trkpt>
      <trkpt lat="-6.642053" lon="106.963036">
        <ele>1301.25</ele>
      </trkpt>
      <trkpt lat="-6.642117" lon="106.963164">
        <ele>1305.1</ele>
      </trkpt>
      <trkpt lat="-6.642127" lon="106.963213">
        <ele>1306.41</ele>
      </trkpt>
      <trkpt lat="-6.642138" lon="106.9634">
        <ele>1312.32</ele>
      </trkpt>
      <trkpt lat="-6.642032" lon="106.963593">
        <ele>1316.82</ele>
      </trkpt>
      <trkpt lat="-6.641898" lon="106.963883">
        <ele>1319.48</ele>
      </trkpt>
      <trkpt lat="-6.641818" lon="106.963996">
        <ele>1319.15</ele>
      </trkpt>
      <trkpt lat="-6.641802" lon="106.964039">
        <ele>1319.19</ele>
      </trkpt>
      <trkpt lat="-6.641797" lon="106.964167">
        <ele>1320.33</ele>
      </trkpt>
      <trkpt lat="-6.641824" lon="106.964441">
        <ele>1324.67</ele>
      </trkpt>
      <trkpt lat="-6.641824" lon="106.96458">
        <ele>1326.58</ele>
      </trkpt>
      <trkpt lat="-6.641792" lon="106.964661">
        <ele>1327.58</ele>
      </trkpt>
      <trkpt lat="-6.641728" lon="106.964731">
        <ele>1328.4</ele>
      </trkpt>
      <trkpt lat="-6.641707" lon="106.964779">
        <ele>1329</ele>
      </trkpt>
      <trkpt lat="-6.641691" lon="106.964908">
        <ele>1330.7</ele>
      </trkpt>
      <trkpt lat="-6.641653" lon="106.964935">
        <ele>1331.45</ele>
      </trkpt>
      <trkpt lat="-6.64152" lon="106.964994">
        <ele>1333.85</ele>
      </trkpt>
      <trkpt lat="-6.64136" lon="106.965171">
        <ele>1338.79</ele>
      </trkpt>
      <trkpt lat="-6.641339" lon="106.965213">
        <ele>1339.62</ele>
      </trkpt>
      <trkpt lat="-6.641334" lon="106.96531">
        <ele>1341.56</ele>
      </trkpt>
      <trkpt lat="-6.641312" lon="106.965401">
        <ele>1344.34</ele>
      </trkpt>
      <trkpt lat="-6.64128" lon="106.965498">
        <ele>1347.39</ele>
      </trkpt>
      <trkpt lat="-6.641222" lon="106.965621">
        <ele>1350.68</ele>
      </trkpt>
      <trkpt lat="-6.64103" lon="106.965863">
        <ele>1355.64</ele>
      </trkpt>
      <trkpt lat="-6.640907" lon="106.965997">
        <ele>1357.51</ele>
      </trkpt>
      <trkpt lat="-6.640667" lon="106.966002">
        <ele>1354.44</ele>
      </trkpt>
      <trkpt lat="-6.640572" lon="106.965981">
        <ele>1353.95</ele>
      </trkpt>
      <trkpt lat="-6.640529" lon="106.965959">
        <ele>1353.83</ele>
      </trkpt>
      <trkpt lat="-6.640478" lon="106.965954">
        <ele>1354.33</ele>
      </trkpt>
      <trkpt lat="-6.640436" lon="106.96597">
        <ele>1354.93</ele>
      </trkpt>
      <trkpt lat="-6.640278" lon="106.966083">
        <ele>1359.67</ele>
      </trkpt>
      <trkpt lat="-6.640236" lon="106.966096">
        <ele>1361.02</ele>
      </trkpt>
      <trkpt lat="-6.640188" lon="106.966096">
        <ele>1362.35</ele>
      </trkpt>
      <trkpt lat="-6.640121" lon="106.966029">
        <ele>1365.04</ele>
      </trkpt>
      <trkpt lat="-6.640073" lon="106.965887">
        <ele>1368.42</ele>
      </trkpt>
      <trkpt lat="-6.640057" lon="106.965871">
        <ele>1369.48</ele>
      </trkpt>
      <trkpt lat="-6.640033" lon="106.965868">
        <ele>1370.87</ele>
      </trkpt>
      <trkpt lat="-6.640017" lon="106.965884">
        <ele>1371.59</ele>
      </trkpt>
      <trkpt lat="-6.639999" lon="106.966005">
        <ele>1371.35</ele>
      </trkpt>
      <trkpt lat="-6.639975" lon="106.966045">
        <ele>1372.47</ele>
      </trkpt>
      <trkpt lat="-6.639951" lon="106.966048">
        <ele>1373.8</ele>
      </trkpt>
      <trkpt lat="-6.639927" lon="106.96604">
        <ele>1375.22</ele>
      </trkpt>
      <trkpt lat="-6.639895" lon="106.965999">
        <ele>1377.42</ele>
      </trkpt>
      <trkpt lat="-6.639834" lon="106.965779">
        <ele>1383.32</ele>
      </trkpt>
      <trkpt lat="-6.639796" lon="106.965707">
        <ele>1385.42</ele>
      </trkpt>
      <trkpt lat="-6.639732" lon="106.965635">
        <ele>1388.26</ele>
      </trkpt>
      <trkpt lat="-6.63969" lon="106.965618">
        <ele>1390.01</ele>
      </trkpt>
      <trkpt lat="-6.639594" lon="106.965629">
        <ele>1393.02</ele>
      </trkpt>
      <trkpt lat="-6.639434" lon="106.965704">
        <ele>1398.13</ele>
      </trkpt>
      <trkpt lat="-6.639242" lon="106.965825">
        <ele>1402.95</ele>
      </trkpt>
      <trkpt lat="-6.639085" lon="106.965884">
        <ele>1404.55</ele>
      </trkpt>
      <trkpt lat="-6.639034" lon="106.965887">
        <ele>1404.98</ele>
      </trkpt>
      <trkpt lat="-6.63893" lon="106.96583">
        <ele>1405.12</ele>
      </trkpt>
      <trkpt lat="-6.63888" lon="106.965825">
        <ele>1405.1</ele>
      </trkpt>
      <trkpt lat="-6.638842" lon="106.965855">
        <ele>1405.42</ele>
      </trkpt>
      <trkpt lat="-6.638795" lon="106.96593">
        <ele>1406.27</ele>
      </trkpt>
      <trkpt lat="-6.638789" lon="106.966021">
        <ele>1406.92</ele>
      </trkpt>
      <trkpt lat="-6.638763" lon="106.966088">
        <ele>1407.05</ele>
      </trkpt>
      <trkpt lat="-6.63864" lon="106.966201">
        <ele>1408.24</ele>
      </trkpt>
      <trkpt lat="-6.638531" lon="106.966359">
        <ele>1410.07</ele>
      </trkpt>
      <trkpt lat="-6.63843" lon="106.966614">
        <ele>1414.02</ele>
      </trkpt>
      <trkpt lat="-6.638355" lon="106.966764">
        <ele>1416.72</ele>
      </trkpt>
      <trkpt lat="-6.638232" lon="106.96686">
        <ele>1420.32</ele>
      </trkpt>
      <trkpt lat="-6.638128" lon="106.966914">
        <ele>1422.76</ele>
      </trkpt>
      <trkpt lat="-6.637891" lon="106.966994">
        <ele>1427</ele>
      </trkpt>
      <trkpt lat="-6.637814" lon="106.96708">
        <ele>1428.56</ele>
      </trkpt>
      <trkpt lat="-6.637574" lon="106.967303">
        <ele>1434.66</ele>
      </trkpt>
      <trkpt lat="-6.637518" lon="106.967402">
        <ele>1436.95</ele>
      </trkpt>
      <trkpt lat="-6.63751" lon="106.967515">
        <ele>1437.28</ele>
      </trkpt>
      <trkpt lat="-6.63743" lon="106.967595">
        <ele>1439.9</ele>
      </trkpt>
      <trkpt lat="-6.637366" lon="106.967619">
        <ele>1442.42</ele>
      </trkpt>
      <trkpt lat="-6.637316" lon="106.967619">
        <ele>1444.64</ele>
      </trkpt>
      <trkpt lat="-6.637247" lon="106.967587">
        <ele>1448.12</ele>
      </trkpt>
      <trkpt lat="-6.637225" lon="106.967574">
        <ele>1449.21</ele>
      </trkpt>
      <trkpt lat="-6.63718" lon="106.967485">
        <ele>1452.26</ele>
      </trkpt>
      <trkpt lat="-6.637135" lon="106.967429">
        <ele>1454.78</ele>
      </trkpt>
      <trkpt lat="-6.637087" lon="106.96741">
        <ele>1457.06</ele>
      </trkpt>
      <trkpt lat="-6.636964" lon="106.967408">
        <ele>1461.93</ele>
      </trkpt>
      <trkpt lat="-6.636916" lon="106.967397">
        <ele>1463.85</ele>
      </trkpt>
      <trkpt lat="-6.636874" lon="106.967365">
        <ele>1465.66</ele>
      </trkpt>
      <trkpt lat="-6.636778" lon="106.967255">
        <ele>1469.13</ele>
      </trkpt>
      <trkpt lat="-6.636735" lon="106.96723">
        <ele>1470.52</ele>
      </trkpt>
      <trkpt lat="-6.636684" lon="106.967233">
        <ele>1471.98</ele>
      </trkpt>
      <trkpt lat="-6.636554" lon="106.967289">
        <ele>1475.26</ele>
      </trkpt>
      <trkpt lat="-6.636517" lon="106.967316">
        <ele>1475.98</ele>
      </trkpt>
      <trkpt lat="-6.636426" lon="106.967418">
        <ele>1476.86</ele>
      </trkpt>
      <trkpt lat="-6.636295" lon="106.967475">
        <ele>1480.85</ele>
      </trkpt>
      <trkpt lat="-6.636218" lon="106.967528">
        <ele>1483.28</ele>
      </trkpt>
      <trkpt lat="-6.636168" lon="106.967576">
        <ele>1484.68</ele>
      </trkpt>
      <trkpt lat="-6.635941" lon="106.967874">
        <ele>1489.63</ele>
      </trkpt>
      <trkpt lat="-6.635832" lon="106.968118">
        <ele>1490.75</ele>
      </trkpt>
      <trkpt lat="-6.635792" lon="106.968177">
        <ele>1491.82</ele>
      </trkpt>
      <trkpt lat="-6.635752" lon="106.968365">
        <ele>1490.65</ele>
      </trkpt>
      <trkpt lat="-6.635675" lon="106.968472">
        <ele>1491.97</ele>
      </trkpt>
      <trkpt lat="-6.635533" lon="106.968604">
        <ele>1494.48</ele>
      </trkpt>
      <trkpt lat="-6.635464" lon="106.968695">
        <ele>1495.45</ele>
      </trkpt>
      <trkpt lat="-6.635347" lon="106.969001">
        <ele>1497.75</ele>
      </trkpt>
      <trkpt lat="-6.635155" lon="106.969231">
        <ele>1503.91</ele>
      </trkpt>
      <trkpt lat="-6.635075" lon="106.969392">
        <ele>1507.23</ele>
      </trkpt>
      <trkpt lat="-6.635025" lon="106.969559">
        <ele>1511.15</ele>
      </trkpt>
      <trkpt lat="-6.635019" lon="106.969647">
        <ele>1512.13</ele>
      </trkpt>
      <trkpt lat="-6.635043" lon="106.969736">
        <ele>1511.98</ele>
      </trkpt>
      <trkpt lat="-6.63516" lon="106.969894">
        <ele>1510.87</ele>
      </trkpt>
      <trkpt lat="-6.635150898791366" lon="106.96990029722508">
        <ele>1509.9772007523052</ele>
      </trkpt>
      <trkpt lat="-6.63516" lon="106.969894">
        <ele>1510.87</ele>
      </trkpt>
      <trkpt lat="-6.635211" lon="106.969964">
        <ele>1510.38</ele>
      </trkpt>
      <trkpt lat="-6.635254" lon="106.970063">
        <ele>1507.65</ele>
      </trkpt>
      <trkpt lat="-6.635302" lon="106.970111">
        <ele>1506.98</ele>
      </trkpt>
      <trkpt lat="-6.635371" lon="106.970127">
        <ele>1507.34</ele>
      </trkpt>
      <trkpt lat="-6.635435" lon="106.970106">
        <ele>1508.25</ele>
      </trkpt>
      <trkpt lat="-6.635504" lon="106.970117">
        <ele>1508.62</ele>
      </trkpt>
      <trkpt lat="-6.635557" lon="106.970165">
        <ele>1508.62</ele>
      </trkpt>
      <trkpt lat="-6.635595" lon="106.970229">
        <ele>1508.98</ele>
      </trkpt>
      <trkpt lat="-6.635659" lon="106.970261">
        <ele>1510.58</ele>
      </trkpt>
      <trkpt lat="-6.635733" lon="106.970272">
        <ele>1512.69</ele>
      </trkpt>
      <trkpt lat="-6.635787" lon="106.970315">
        <ele>1513.5</ele>
      </trkpt>
      <trkpt lat="-6.635808" lon="106.970385">
        <ele>1514.39</ele>
      </trkpt>
      <trkpt lat="-6.635819" lon="106.970524">
        <ele>1515.99</ele>
      </trkpt>
      <trkpt lat="-6.635851" lon="106.970594">
        <ele>1517.96</ele>
      </trkpt>
      <trkpt lat="-6.635978" lon="106.970755">
        <ele>1524.2</ele>
      </trkpt>
      <trkpt lat="-6.63601" lon="106.970814">
        <ele>1526.2</ele>
      </trkpt>
      <trkpt lat="-6.63601" lon="106.970889">
        <ele>1528.65</ele>
      </trkpt>
      <trkpt lat="-6.635978" lon="106.970953">
        <ele>1530.02</ele>
      </trkpt>
      <trkpt lat="-6.635989" lon="106.971023">
        <ele>1532.2</ele>
      </trkpt>
      <trkpt lat="-6.636053" lon="106.971147">
        <ele>1537.29</ele>
      </trkpt>
      <trkpt lat="-6.63609" lon="106.971297">
        <ele>1541.48</ele>
      </trkpt>
      <trkpt lat="-6.636138" lon="106.971345">
        <ele>1542.11</ele>
      </trkpt>
      <trkpt lat="-6.636197" lon="106.971377">
        <ele>1542.48</ele>
      </trkpt>
      <trkpt lat="-6.636245" lon="106.971431">
        <ele>1543.28</ele>
      </trkpt>
      <trkpt lat="-6.636277" lon="106.97149">
        <ele>1543.82</ele>
      </trkpt>
      <trkpt lat="-6.636325" lon="106.971624">
        <ele>1545.8</ele>
      </trkpt>
      <trkpt lat="-6.636389" lon="106.971661">
        <ele>1546.8</ele>
      </trkpt>
      <trkpt lat="-6.636458" lon="106.971672">
        <ele>1546.71</ele>
      </trkpt>
      <trkpt lat="-6.636607" lon="106.971672">
        <ele>1544.97</ele>
      </trkpt>
      <trkpt lat="-6.636682" lon="106.971688">
        <ele>1544.37</ele>
      </trkpt>
      <trkpt lat="-6.636788" lon="106.97178">
        <ele>1544.77</ele>
      </trkpt>
      <trkpt lat="-6.636852" lon="106.971801">
        <ele>1544.45</ele>
      </trkpt>
      <trkpt lat="-6.636991" lon="106.971801">
        <ele>1543.61</ele>
      </trkpt>
      <trkpt lat="-6.63706" lon="106.971812">
        <ele>1543.73</ele>
      </trkpt>
      <trkpt lat="-6.637124" lon="106.971849">
        <ele>1544.29</ele>
      </trkpt>
      <trkpt lat="-6.637225" lon="106.971951">
        <ele>1545.59</ele>
      </trkpt>
      <trkpt lat="-6.637401" lon="106.972176">
        <ele>1545.77</ele>
      </trkpt>
      <trkpt lat="-6.63746" lon="106.972209">
        <ele>1545.48</ele>
      </trkpt>
      <trkpt lat="-6.637529" lon="106.972203">
        <ele>1545.57</ele>
      </trkpt>
      <trkpt lat="-6.637657" lon="106.97216">
        <ele>1546.19</ele>
      </trkpt>
      <trkpt lat="-6.637875" lon="106.972117">
        <ele>1546.17</ele>
      </trkpt>
      <trkpt lat="-6.638014" lon="106.972123">
        <ele>1545.56</ele>
      </trkpt>
      <trkpt lat="-6.638222" lon="106.972193">
        <ele>1543.86</ele>
      </trkpt>
      <trkpt lat="-6.63835" lon="106.972268">
        <ele>1542.25</ele>
      </trkpt>
      <trkpt lat="-6.638525" lon="106.972386">
        <ele>1540.53</ele>
      </trkpt>
      <trkpt lat="-6.638579" lon="106.972429">
        <ele>1540.2</ele>
      </trkpt>
      <trkpt lat="-6.638621" lon="106.972482">
        <ele>1540.02</ele>
      </trkpt>
      <trkpt lat="-6.638696" lon="106.972498">
        <ele>1540.94</ele>
      </trkpt>
      <trkpt lat="-6.63893" lon="106.972611">
        <ele>1545.13</ele>
      </trkpt>
      <trkpt lat="-6.638984" lon="106.972654">
        <ele>1546.28</ele>
      </trkpt>
      <trkpt lat="-6.639069" lon="106.972756">
        <ele>1547.34</ele>
      </trkpt>
      <trkpt lat="-6.639117" lon="106.972799">
        <ele>1548.31</ele>
      </trkpt>
      <trkpt lat="-6.639234" lon="106.972874">
        <ele>1550.33</ele>
      </trkpt>
      <trkpt lat="-6.639287" lon="106.972922">
        <ele>1550.65</ele>
      </trkpt>
      <trkpt lat="-6.639399" lon="106.972992">
        <ele>1551.96</ele>
      </trkpt>
      <trkpt lat="-6.639501" lon="106.973083">
        <ele>1553.87</ele>
      </trkpt>
      <trkpt lat="-6.639522" lon="106.973147">
        <ele>1554.06</ele>
      </trkpt>
      <trkpt lat="-6.639554" lon="106.973206">
        <ele>1554.75</ele>
      </trkpt>
      <trkpt lat="-6.639607" lon="106.973249">
        <ele>1556.53</ele>
      </trkpt>
      <trkpt lat="-6.639666" lon="106.973282">
        <ele>1558.44</ele>
      </trkpt>
      <trkpt lat="-6.639874" lon="106.973292">
        <ele>1565.91</ele>
      </trkpt>
      <trkpt lat="-6.639943" lon="106.973308">
        <ele>1568.68</ele>
      </trkpt>
      <trkpt lat="-6.640001" lon="106.973341">
        <ele>1571.31</ele>
      </trkpt>
      <trkpt lat="-6.640055416396878" lon="106.97344429892289">
        <ele>1574.0584892080724</ele>
      </trkpt>
      <trkpt lat="-6.640055" lon="106.973444">
        <ele>1574.05</ele>
      </trkpt>
      <trkpt lat="-6.640001" lon="106.973341">
        <ele>1571.31</ele>
      </trkpt>
      <trkpt lat="-6.639943" lon="106.973308">
        <ele>1568.68</ele>
      </trkpt>
      <trkpt lat="-6.639874" lon="106.973292">
        <ele>1565.91</ele>
      </trkpt>
      <trkpt lat="-6.639666" lon="106.973282">
        <ele>1558.44</ele>
      </trkpt>
      <trkpt lat="-6.639607" lon="106.973249">
        <ele>1556.53</ele>
      </trkpt>
      <trkpt lat="-6.639554" lon="106.973206">
        <ele>1554.75</ele>
      </trkpt>
      <trkpt lat="-6.639522" lon="106.973147">
        <ele>1554.06</ele>
      </trkpt>
      <trkpt lat="-6.639501" lon="106.973083">
        <ele>1553.87</ele>
      </trkpt>
      <trkpt lat="-6.639453" lon="106.973035">
        <ele>1553.02</ele>
      </trkpt>
      <trkpt lat="-6.639399" lon="106.972992">
        <ele>1551.96</ele>
      </trkpt>
      <trkpt lat="-6.639287" lon="106.972922">
        <ele>1550.65</ele>
      </trkpt>
      <trkpt lat="-6.639234" lon="106.972874">
        <ele>1550.33</ele>
      </trkpt>
      <trkpt lat="-6.639117" lon="106.972799">
        <ele>1548.31</ele>
      </trkpt>
      <trkpt lat="-6.639069" lon="106.972756">
        <ele>1547.34</ele>
      </trkpt>
      <trkpt lat="-6.638984" lon="106.972654">
        <ele>1546.28</ele>
      </trkpt>
      <trkpt lat="-6.63893" lon="106.972611">
        <ele>1545.13</ele>
      </trkpt>
      <trkpt lat="-6.638696" lon="106.972498">
        <ele>1540.94</ele>
      </trkpt>
      <trkpt lat="-6.638765" lon="106.972477">
        <ele>1542.01</ele>
      </trkpt>
      <trkpt lat="-6.638834" lon="106.972472">
        <ele>1543.22</ele>
      </trkpt>
      <trkpt lat="-6.638973" lon="106.97252">
        <ele>1546.77</ele>
      </trkpt>
      <trkpt lat="-6.639042" lon="106.972536">
        <ele>1548.01</ele>
      </trkpt>
      <trkpt lat="-6.639112" lon="106.972536">
        <ele>1549.26</ele>
      </trkpt>
      <trkpt lat="-6.639176" lon="106.972557">
        <ele>1550.05</ele>
      </trkpt>
      <trkpt lat="-6.639234" lon="106.972595">
        <ele>1550.4</ele>
      </trkpt>
      <trkpt lat="-6.639282" lon="106.972643">
        <ele>1551.06</ele>
      </trkpt>
      <trkpt lat="-6.639314" lon="106.972708">
        <ele>1551.89</ele>
      </trkpt>
      <trkpt lat="-6.63933" lon="106.972777">
        <ele>1552</ele>
      </trkpt>
      <trkpt lat="-6.639362" lon="106.972836">
        <ele>1552.15</ele>
      </trkpt>
      <trkpt lat="-6.639415" lon="106.972885">
        <ele>1552.5</ele>
      </trkpt>
      <trkpt lat="-6.639559" lon="106.972922">
        <ele>1553.95</ele>
      </trkpt>
      <trkpt lat="-6.639618" lon="106.972954">
        <ele>1554.97</ele>
      </trkpt>
      <trkpt lat="-6.639714" lon="106.973056">
        <ele>1558.3</ele>
      </trkpt>
      <trkpt lat="-6.639767" lon="106.973099">
        <ele>1560.16</ele>
      </trkpt>
      <trkpt lat="-6.639959" lon="106.97318">
        <ele>1567.52</ele>
      </trkpt>
      <trkpt lat="-6.640097" lon="106.973228">
        <ele>1572.43</ele>
      </trkpt>
      <trkpt lat="-6.640172" lon="106.973351">
        <ele>1577.09</ele>
      </trkpt>
      <trkpt lat="-6.64039" lon="106.973357">
        <ele>1581.97</ele>
      </trkpt>
      <trkpt lat="-6.64054" lon="106.973507">
        <ele>1590.78</ele>
      </trkpt>
      <trkpt lat="-6.640667" lon="106.973582">
        <ele>1595.95</ele>
      </trkpt>
      <trkpt lat="-6.640726" lon="106.97363">
        <ele>1597.41</ele>
      </trkpt>
      <trkpt lat="-6.640817" lon="106.973732">
        <ele>1599.9</ele>
      </trkpt>
      <trkpt lat="-6.640817" lon="106.973877">
        <ele>1603.89</ele>
      </trkpt>
      <trkpt lat="-6.640849" lon="106.973936">
        <ele>1605.92</ele>
      </trkpt>
      <trkpt lat="-6.641078" lon="106.974108">
        <ele>1614.9</ele>
      </trkpt>
      <trkpt lat="-6.64112" lon="106.974161">
        <ele>1617.76</ele>
      </trkpt>
      <trkpt lat="-6.641222" lon="106.974258">
        <ele>1623.43</ele>
      </trkpt>
      <trkpt lat="-6.641387" lon="106.974403">
        <ele>1628.13</ele>
      </trkpt>
      <trkpt lat="-6.641504" lon="106.974494">
        <ele>1629.12</ele>
      </trkpt>
      <trkpt lat="-6.64152" lon="106.974564">
        <ele>1632.27</ele>
      </trkpt>
      <trkpt lat="-6.64152" lon="106.974639">
        <ele>1636.33</ele>
      </trkpt>
      <trkpt lat="-6.641533" lon="106.974698">
        <ele>1639.56</ele>
      </trkpt>
      <trkpt lat="-6.641536" lon="106.974714">
        <ele>1640.44</ele>
      </trkpt>
      <trkpt lat="-6.641579" lon="106.974773">
        <ele>1642.96</ele>
      </trkpt>
      <trkpt lat="-6.641627" lon="106.974821">
        <ele>1644.53</ele>
      </trkpt>
      <trkpt lat="-6.641669" lon="106.97488">
        <ele>1646.96</ele>
      </trkpt>
      <trkpt lat="-6.641701" lon="106.974939">
        <ele>1649.74</ele>
      </trkpt>
      <trkpt lat="-6.641765" lon="106.974966">
        <ele>1649.24</ele>
      </trkpt>
      <trkpt lat="-6.641834" lon="106.974971">
        <ele>1647.02</ele>
      </trkpt>
      <trkpt lat="-6.641946" lon="106.975148">
        <ele>1650.34</ele>
      </trkpt>
      <trkpt lat="-6.641978" lon="106.975213">
        <ele>1651.08</ele>
      </trkpt>
      <trkpt lat="-6.641984" lon="106.975358">
        <ele>1655.98</ele>
      </trkpt>
      <trkpt lat="-6.642026" lon="106.975492">
        <ele>1658.09</ele>
      </trkpt>
      <trkpt lat="-6.642058" lon="106.975551">
        <ele>1658.55</ele>
      </trkpt>
      <trkpt lat="-6.642181" lon="106.975733">
        <ele>1658.59</ele>
      </trkpt>
      <trkpt lat="-6.642303" lon="106.975915">
        <ele>1661.23</ele>
      </trkpt>
      <trkpt lat="-6.642415" lon="106.976017">
        <ele>1662.91</ele>
      </trkpt>
      <trkpt lat="-6.642559" lon="106.976055">
        <ele>1662.01</ele>
      </trkpt>
      <trkpt lat="-6.642591" lon="106.976114">
        <ele>1664.56</ele>
      </trkpt>
      <trkpt lat="-6.64257" lon="106.976178">
        <ele>1667.78</ele>
      </trkpt>
      <trkpt lat="-6.642532" lon="106.976243">
        <ele>1670.43</ele>
      </trkpt>
      <trkpt lat="-6.642538" lon="106.976312">
        <ele>1672.91</ele>
      </trkpt>
      <trkpt lat="-6.642554" lon="106.976388">
        <ele>1674.24</ele>
      </trkpt>
      <trkpt lat="-6.642559" lon="106.976463">
        <ele>1675.55</ele>
      </trkpt>
      <trkpt lat="-6.64258" lon="106.976532">
        <ele>1676.31</ele>
      </trkpt>
      <trkpt lat="-6.642591" lon="106.976602">
        <ele>1676.87</ele>
      </trkpt>
      <trkpt lat="-6.642618" lon="106.976672">
        <ele>1677.51</ele>
      </trkpt>
      <trkpt lat="-6.642732" lon="106.976803">
        <ele>1679.71</ele>
      </trkpt>
      <trkpt lat="-6.642737" lon="106.976898">
        <ele>1679.88</ele>
      </trkpt>
      <trkpt lat="-6.642736623020286" lon="106.97689777191587">
        <ele>1679.8775844859535</ele>
      </trkpt>
      <trkpt lat="-6.64274" lon="106.976967">
        <ele>1680</ele>
      </trkpt>
      <trkpt lat="-6.642762" lon="106.977026">
        <ele>1679.76</ele>
      </trkpt>
      <trkpt lat="-6.642794" lon="106.97708">
        <ele>1679.32</ele>
      </trkpt>
      <trkpt lat="-6.642794" lon="106.977144">
        <ele>1678.57</ele>
      </trkpt>
      <trkpt lat="-6.642762" lon="106.977198">
        <ele>1677.76</ele>
      </trkpt>
      <trkpt lat="-6.642751" lon="106.977262">
        <ele>1676.95</ele>
      </trkpt>
      <trkpt lat="-6.642762" lon="106.977396">
        <ele>1675.12</ele>
      </trkpt>
      <trkpt lat="-6.642762" lon="106.977595">
        <ele>1671.6</ele>
      </trkpt>
      <trkpt lat="-6.642703" lon="106.977723">
        <ele>1668.01</ele>
      </trkpt>
      <trkpt lat="-6.642612" lon="106.97797">
        <ele>1660.15</ele>
      </trkpt>
      <trkpt lat="-6.64257" lon="106.978024">
        <ele>1658.07</ele>
      </trkpt>
      <trkpt lat="-6.642538" lon="106.978083">
        <ele>1655.05</ele>
      </trkpt>
      <trkpt lat="-6.642527" lon="106.978152">
        <ele>1652.48</ele>
      </trkpt>
      <trkpt lat="-6.642554" lon="106.978281">
        <ele>1648.79</ele>
      </trkpt>
      <trkpt lat="-6.642564" lon="106.978415">
        <ele>1644.1</ele>
      </trkpt>
      <trkpt lat="-6.642591" lon="106.978549">
        <ele>1638.54</ele>
      </trkpt>
      <trkpt lat="-6.642602" lon="106.978684">
        <ele>1632.09</ele>
      </trkpt>
      <trkpt lat="-6.64249" lon="106.978844">
        <ele>1625.59</ele>
      </trkpt>
      <trkpt lat="-6.642458" lon="106.978903">
        <ele>1623.41</ele>
      </trkpt>
      <trkpt lat="-6.642436" lon="106.978962">
        <ele>1621.35</ele>
      </trkpt>
      <trkpt lat="-6.642426" lon="106.979032">
        <ele>1618.91</ele>
      </trkpt>
      <trkpt lat="-6.642426" lon="106.979102">
        <ele>1616.69</ele>
      </trkpt>
      <trkpt lat="-6.642442" lon="106.979166">
        <ele>1614.7</ele>
      </trkpt>
      <trkpt lat="-6.642447" lon="106.9793">
        <ele>1610.68</ele>
      </trkpt>
      <trkpt lat="-6.642373" lon="106.979413">
        <ele>1606.97</ele>
      </trkpt>
      <trkpt lat="-6.642367" lon="106.979547">
        <ele>1601.53</ele>
      </trkpt>
      <trkpt lat="-6.642373" lon="106.979676">
        <ele>1596.41</ele>
      </trkpt>
      <trkpt lat="-6.642346" lon="106.979944">
        <ele>1583.08</ele>
      </trkpt>
      <trkpt lat="-6.64233" lon="106.980009">
        <ele>1579.69</ele>
      </trkpt>
      <trkpt lat="-6.642282" lon="106.980137">
        <ele>1573.05</ele>
      </trkpt>
      <trkpt lat="-6.642197" lon="106.980245">
        <ele>1567.27</ele>
      </trkpt>
      <trkpt lat="-6.642165" lon="106.980298">
        <ele>1564.44</ele>
      </trkpt>
      <trkpt lat="-6.642154" lon="106.980363">
        <ele>1561.63</ele>
      </trkpt>
      <trkpt lat="-6.642165" lon="106.980583">
        <ele>1554.04</ele>
      </trkpt>
      <trkpt lat="-6.642165" lon="106.980786">
        <ele>1546.57</ele>
      </trkpt>
      <trkpt lat="-6.642191" lon="106.980931">
        <ele>1541.14</ele>
      </trkpt>
      <trkpt lat="-6.642239" lon="106.980979">
        <ele>1539.44</ele>
      </trkpt>
      <trkpt lat="-6.642293" lon="106.981017">
        <ele>1536.76</ele>
      </trkpt>
      <trkpt lat="-6.642325" lon="106.981076">
        <ele>1533.45</ele>
      </trkpt>
      <trkpt lat="-6.642362" lon="106.981205">
        <ele>1526.71</ele>
      </trkpt>
      <trkpt lat="-6.642399" lon="106.981264">
        <ele>1523.4</ele>
      </trkpt>
      <trkpt lat="-6.642436" lon="106.981387">
        <ele>1516.93</ele>
      </trkpt>
      <trkpt lat="-6.642436" lon="106.981516">
        <ele>1511.38</ele>
      </trkpt>
      <trkpt lat="-6.642522" lon="106.981612">
        <ele>1506.99</ele>
      </trkpt>
      <trkpt lat="-6.642618" lon="106.981865">
        <ele>1498.32</ele>
      </trkpt>
      <trkpt lat="-6.642655" lon="106.981918">
        <ele>1496.99</ele>
      </trkpt>
      <trkpt lat="-6.642719" lon="106.982036">
        <ele>1494.94</ele>
      </trkpt>
      <trkpt lat="-6.642756" lon="106.982165">
        <ele>1493.13</ele>
      </trkpt>
      <trkpt lat="-6.642794" lon="106.982224">
        <ele>1493.35</ele>
      </trkpt>
      <trkpt lat="-6.642847" lon="106.982272">
        <ele>1493.99</ele>
      </trkpt>
      <trkpt lat="-6.642868" lon="106.982331">
        <ele>1494.27</ele>
      </trkpt>
      <trkpt lat="-6.642873" lon="106.982476">
        <ele>1495.02</ele>
      </trkpt>
      <trkpt lat="-6.642884" lon="106.982546">
        <ele>1495.6</ele>
      </trkpt>
      <trkpt lat="-6.642943" lon="106.982583">
        <ele>1497.24</ele>
      </trkpt>
      <trkpt lat="-6.64298" lon="106.982642">
        <ele>1498.45</ele>
      </trkpt>
      <trkpt lat="-6.642985" lon="106.982782">
        <ele>1498.74</ele>
      </trkpt>
      <trkpt lat="-6.642943" lon="106.982841">
        <ele>1497.74</ele>
      </trkpt>
      <trkpt lat="-6.642846" lon="106.982931">
        <ele>1495.16</ele>
      </trkpt>
      <trkpt lat="-6.642751" lon="106.983029">
        <ele>1492.95</ele>
      </trkpt>
      <trkpt lat="-6.642708" lon="106.983082">
        <ele>1491.98</ele>
      </trkpt>
      <trkpt lat="-6.642682" lon="106.983141">
        <ele>1491.34</ele>
      </trkpt>
      <trkpt lat="-6.642634" lon="106.983195">
        <ele>1490.83</ele>
      </trkpt>
      <trkpt lat="-6.64257" lon="106.983222">
        <ele>1490.38</ele>
      </trkpt>
      <trkpt lat="-6.642506" lon="106.983238">
        <ele>1490.06</ele>
      </trkpt>
      <trkpt lat="-6.642447" lon="106.983275">
        <ele>1489.84</ele>
      </trkpt>
      <trkpt lat="-6.64241" lon="106.98334">
        <ele>1489.89</ele>
      </trkpt>
      <trkpt lat="-6.642383" lon="106.983404">
        <ele>1489.49</ele>
      </trkpt>
      <trkpt lat="-6.642303" lon="106.983533">
        <ele>1488.5</ele>
      </trkpt>
      <trkpt lat="-6.642202" lon="106.983619">
        <ele>1487.09</ele>
      </trkpt>
      <trkpt lat="-6.642005" lon="106.983694">
        <ele>1483.19</ele>
      </trkpt>
      <trkpt lat="-6.641952" lon="106.983737">
        <ele>1481.68</ele>
      </trkpt>
      <trkpt lat="-6.641781" lon="106.983957">
        <ele>1474.74</ele>
      </trkpt>
      <trkpt lat="-6.641749" lon="106.98401">
        <ele>1473.11</ele>
      </trkpt>
      <trkpt lat="-6.641675" lon="106.984198">
        <ele>1468.15</ele>
      </trkpt>
      <trkpt lat="-6.641499" lon="106.98445">
        <ele>1465</ele>
      </trkpt>
      <trkpt lat="-6.641413" lon="106.984547">
        <ele>1465</ele>
      </trkpt>
      <trkpt lat="-6.641307" lon="106.984633">
        <ele>1463.58</ele>
      </trkpt>
      <trkpt lat="-6.641259" lon="106.984681">
        <ele>1462.76</ele>
      </trkpt>
      <trkpt lat="-6.641248" lon="106.984879">
        <ele>1462.31</ele>
      </trkpt>
      <trkpt lat="-6.641264" lon="106.985014">
        <ele>1461.74</ele>
      </trkpt>
      <trkpt lat="-6.641296" lon="106.985073">
        <ele>1461.58</ele>
      </trkpt>
      <trkpt lat="-6.641376" lon="106.985174">
        <ele>1460.88</ele>
      </trkpt>
      <trkpt lat="-6.641387" lon="106.985239">
        <ele>1460.13</ele>
      </trkpt>
      <trkpt lat="-6.641365" lon="106.985314">
        <ele>1458.93</ele>
      </trkpt>
      <trkpt lat="-6.641328" lon="106.985368">
        <ele>1458.32</ele>
      </trkpt>
      <trkpt lat="-6.641323" lon="106.985437">
        <ele>1457.48</ele>
      </trkpt>
      <trkpt lat="-6.641334" lon="106.985502">
        <ele>1456.9</ele>
      </trkpt>
      <trkpt lat="-6.641328" lon="106.985566">
        <ele>1456.47</ele>
      </trkpt>
      <trkpt lat="-6.641286" lon="106.98562">
        <ele>1456.37</ele>
      </trkpt>
      <trkpt lat="-6.64127" lon="106.985689">
        <ele>1456.05</ele>
      </trkpt>
      <trkpt lat="-6.64127" lon="106.985754">
        <ele>1455.68</ele>
      </trkpt>
      <trkpt lat="-6.641312" lon="106.985807">
        <ele>1455.36</ele>
      </trkpt>
      <trkpt lat="-6.641344" lon="106.985866">
        <ele>1455.17</ele>
      </trkpt>
      <trkpt lat="-6.64135" lon="106.985931">
        <ele>1455.14</ele>
      </trkpt>
      <trkpt lat="-6.641275" lon="106.986043">
        <ele>1456.19</ele>
      </trkpt>
      <trkpt lat="-6.641264" lon="106.986108">
        <ele>1456.63</ele>
      </trkpt>
      <trkpt lat="-6.641344" lon="106.986221">
        <ele>1456.7</ele>
      </trkpt>
      <trkpt lat="-6.64136" lon="106.98629">
        <ele>1457</ele>
      </trkpt>
      <trkpt lat="-6.64136" lon="106.98636">
        <ele>1457</ele>
      </trkpt>
      <trkpt lat="-6.641381" lon="106.986499">
        <ele>1456.55</ele>
      </trkpt>
      <trkpt lat="-6.641413" lon="106.986628">
        <ele>1455.04</ele>
      </trkpt>
      <trkpt lat="-6.641419" lon="106.986698">
        <ele>1454.22</ele>
      </trkpt>
      <trkpt lat="-6.641403" lon="106.986762">
        <ele>1453.87</ele>
      </trkpt>
      <trkpt lat="-6.641376" lon="106.986827">
        <ele>1453.62</ele>
      </trkpt>
      <trkpt lat="-6.64136" lon="106.986961">
        <ele>1452.26</ele>
      </trkpt>
      <trkpt lat="-6.641339" lon="106.987025">
        <ele>1451.9</ele>
      </trkpt>
      <trkpt lat="-6.641286" lon="106.987073">
        <ele>1452.45</ele>
      </trkpt>
      <trkpt lat="-6.641222" lon="106.987095">
        <ele>1453.61</ele>
      </trkpt>
      <trkpt lat="-6.641168" lon="106.987138">
        <ele>1454.4</ele>
      </trkpt>
      <trkpt lat="-6.64104" lon="106.987299">
        <ele>1455.85</ele>
      </trkpt>
      <trkpt lat="-6.640955" lon="106.987481">
        <ele>1455.99</ele>
      </trkpt>
      <trkpt lat="-6.640934" lon="106.987546">
        <ele>1456</ele>
      </trkpt>
      <trkpt lat="-6.640939" lon="106.987824">
        <ele>1456.52</ele>
      </trkpt>
      <trkpt lat="-6.640907" lon="106.987883">
        <ele>1456.42</ele>
      </trkpt>
      <trkpt lat="-6.640811" lon="106.987969">
        <ele>1456.14</ele>
      </trkpt>
      <trkpt lat="-6.640673" lon="106.987991">
        <ele>1455.89</ele>
      </trkpt>
      <trkpt lat="-6.640577" lon="106.988098">
        <ele>1455.34</ele>
      </trkpt>
      <trkpt lat="-6.640412" lon="106.988307">
        <ele>1454.51</ele>
      </trkpt>
      <trkpt lat="-6.640358" lon="106.988356">
        <ele>1454</ele>
      </trkpt>
      <trkpt lat="-6.640294" lon="106.988382">
        <ele>1454.11</ele>
      </trkpt>
      <trkpt lat="-6.640156" lon="106.988382">
        <ele>1454.79</ele>
      </trkpt>
      <trkpt lat="-6.640023" lon="106.988345">
        <ele>1455</ele>
      </trkpt>
      <trkpt lat="-6.639964" lon="106.988307">
        <ele>1454.75</ele>
      </trkpt>
      <trkpt lat="-6.639895" lon="106.988297">
        <ele>1454.35</ele>
      </trkpt>
      <trkpt lat="-6.639826" lon="106.988297">
        <ele>1453.97</ele>
      </trkpt>
      <trkpt lat="-6.639756" lon="106.988307">
        <ele>1453.79</ele>
      </trkpt>
      <trkpt lat="-6.639703" lon="106.988259">
        <ele>1453.21</ele>
      </trkpt>
      <trkpt lat="-6.639634" lon="106.988254">
        <ele>1452.82</ele>
      </trkpt>
      <trkpt lat="-6.639463" lon="106.988313">
        <ele>1453.27</ele>
      </trkpt>
      <trkpt lat="-6.639415" lon="106.988356">
        <ele>1453.56</ele>
      </trkpt>
      <trkpt lat="-6.639277" lon="106.988581">
        <ele>1453.91</ele>
      </trkpt>
      <trkpt lat="-6.639149" lon="106.98864">
        <ele>1454.31</ele>
      </trkpt>
      <trkpt lat="-6.638952" lon="106.988704">
        <ele>1454.65</ele>
      </trkpt>
      <trkpt lat="-6.638813" lon="106.98871">
        <ele>1453.68</ele>
      </trkpt>
      <trkpt lat="-6.638749" lon="106.988683">
        <ele>1452.56</ele>
      </trkpt>
      <trkpt lat="-6.638685" lon="106.98871">
        <ele>1450.64</ele>
      </trkpt>
      <trkpt lat="-6.638595" lon="106.988812">
        <ele>1445.52</ele>
      </trkpt>
      <trkpt lat="-6.638547" lon="106.988854">
        <ele>1442.89</ele>
      </trkpt>
      <trkpt lat="-6.638488" lon="106.988892">
        <ele>1439.94</ele>
      </trkpt>
      <trkpt lat="-6.638419" lon="106.988897">
        <ele>1438.13</ele>
      </trkpt>
      <trkpt lat="-6.638163" lon="106.988999">
        <ele>1434.25</ele>
      </trkpt>
      <trkpt lat="-6.637939" lon="106.989155">
        <ele>1432</ele>
      </trkpt>
      <trkpt lat="-6.637817" lon="106.989203">
        <ele>1429.56</ele>
      </trkpt>
      <trkpt lat="-6.637774" lon="106.989257">
        <ele>1428.16</ele>
      </trkpt>
      <trkpt lat="-6.637753" lon="106.989316">
        <ele>1427.08</ele>
      </trkpt>
      <trkpt lat="-6.637678" lon="106.989428">
        <ele>1424.79</ele>
      </trkpt>
      <trkpt lat="-6.637566" lon="106.989504">
        <ele>1423.64</ele>
      </trkpt>
      <trkpt lat="-6.637518" lon="106.989552">
        <ele>1423.43</ele>
      </trkpt>
      <trkpt lat="-6.637486" lon="106.989611">
        <ele>1423.07</ele>
      </trkpt>
      <trkpt lat="-6.63746" lon="106.98975">
        <ele>1422.73</ele>
      </trkpt>
      <trkpt lat="-6.637454" lon="106.989884">
        <ele>1421.94</ele>
      </trkpt>
      <trkpt lat="-6.637438" lon="106.989949">
        <ele>1421.37</ele>
      </trkpt>
      <trkpt lat="-6.637401" lon="106.990008">
        <ele>1420.68</ele>
      </trkpt>
      <trkpt lat="-6.637353" lon="106.990051">
        <ele>1420.18</ele>
      </trkpt>
      <trkpt lat="-6.637188" lon="106.990158">
        <ele>1418.43</ele>
      </trkpt>
      <trkpt lat="-6.63714" lon="106.990206">
        <ele>1417.59</ele>
      </trkpt>
      <trkpt lat="-6.637092" lon="106.990324">
        <ele>1414.91</ele>
      </trkpt>
      <trkpt lat="-6.637049" lon="106.990383">
        <ele>1413.27</ele>
      </trkpt>
      <trkpt lat="-6.636991" lon="106.990421">
        <ele>1412.04</ele>
      </trkpt>
      <trkpt lat="-6.636852" lon="106.990421">
        <ele>1410.79</ele>
      </trkpt>
      <trkpt lat="-6.636628" lon="106.990405">
        <ele>1407.72</ele>
      </trkpt>
      <trkpt lat="-6.636495" lon="106.990437">
        <ele>1405.51</ele>
      </trkpt>
      <trkpt lat="-6.636442" lon="106.99048">
        <ele>1404.41</ele>
      </trkpt>
      <trkpt lat="-6.636399" lon="106.990534">
        <ele>1403.39</ele>
      </trkpt>
      <trkpt lat="-6.636335" lon="106.990555">
        <ele>1402.67</ele>
      </trkpt>
      <trkpt lat="-6.636256" lon="106.990566">
        <ele>1402.05</ele>
      </trkpt>
      <trkpt lat="-6.636154" lon="106.990711">
        <ele>1398.72</ele>
      </trkpt>
      <trkpt lat="-6.63609" lon="106.990829">
        <ele>1396.33</ele>
      </trkpt>
      <trkpt lat="-6.636069" lon="106.990893">
        <ele>1395.08</ele>
      </trkpt>
      <trkpt lat="-6.636064" lon="106.990963">
        <ele>1394.12</ele>
      </trkpt>
      <trkpt lat="-6.63608" lon="106.991032">
        <ele>1393.78</ele>
      </trkpt>
      <trkpt lat="-6.636085" lon="106.991236">
        <ele>1390.59</ele>
      </trkpt>
      <trkpt lat="-6.636064" lon="106.991301">
        <ele>1389.25</ele>
      </trkpt>
      <trkpt lat="-6.635962" lon="106.991478">
        <ele>1384.83</ele>
      </trkpt>
      <trkpt lat="-6.635952" lon="106.991547">
        <ele>1383.09</ele>
      </trkpt>
      <trkpt lat="-6.635952" lon="106.991612">
        <ele>1381.59</ele>
      </trkpt>
      <trkpt lat="-6.636" lon="106.991741">
        <ele>1378.09</ele>
      </trkpt>
      <trkpt lat="-6.636016" lon="106.991805">
        <ele>1376.19</ele>
      </trkpt>
      <trkpt lat="-6.636048" lon="106.991859">
        <ele>1374.81</ele>
      </trkpt>
      <trkpt lat="-6.636165" lon="106.991918">
        <ele>1372.78</ele>
      </trkpt>
      <trkpt lat="-6.636229" lon="106.991939">
        <ele>1371.69</ele>
      </trkpt>
      <trkpt lat="-6.636399" lon="106.992041">
        <ele>1364.06</ele>
      </trkpt>
      <trkpt lat="-6.636495" lon="106.992137">
        <ele>1360.83</ele>
      </trkpt>
      <trkpt lat="-6.636495" lon="106.992202">
        <ele>1359.29</ele>
      </trkpt>
      <trkpt lat="-6.636474" lon="106.992261">
        <ele>1357.69</ele>
      </trkpt>
      <trkpt lat="-6.636469" lon="106.992325">
        <ele>1356.18</ele>
      </trkpt>
      <trkpt lat="-6.63657" lon="106.992406">
        <ele>1355.96</ele>
      </trkpt>
      <trkpt lat="-6.636597" lon="106.99247">
        <ele>1355.35</ele>
      </trkpt>
      <trkpt lat="-6.636597" lon="106.992824">
        <ele>1356.38</ele>
      </trkpt>
      <trkpt lat="-6.636591" lon="106.992888">
        <ele>1357.28</ele>
      </trkpt>
      <trkpt lat="-6.636469" lon="106.992953">
        <ele>1355.67</ele>
      </trkpt>
      <trkpt lat="-6.636426" lon="106.993007">
        <ele>1355.27</ele>
      </trkpt>
      <trkpt lat="-6.636415" lon="106.993076">
        <ele>1355.38</ele>
      </trkpt>
      <trkpt lat="-6.63641" lon="106.99321">
        <ele>1355.41</ele>
      </trkpt>
      <trkpt lat="-6.636351" lon="106.993414">
        <ele>1351.7</ele>
      </trkpt>
      <trkpt lat="-6.636325" lon="106.993473">
        <ele>1350.08</ele>
      </trkpt>
      <trkpt lat="-6.636287" lon="106.993532">
        <ele>1347.89</ele>
      </trkpt>
      <trkpt lat="-6.636266" lon="106.993597">
        <ele>1346</ele>
      </trkpt>
      <trkpt lat="-6.636266" lon="106.993666">
        <ele>1344.74</ele>
      </trkpt>
      <trkpt lat="-6.636287" lon="106.993731">
        <ele>1343.93</ele>
      </trkpt>
      <trkpt lat="-6.636325" lon="106.99379">
        <ele>1343.65</ele>
      </trkpt>
      <trkpt lat="-6.636335" lon="106.993854">
        <ele>1342.38</ele>
      </trkpt>
      <trkpt lat="-6.636287" lon="106.993897">
        <ele>1338.83</ele>
      </trkpt>
      <trkpt lat="-6.636218" lon="106.993897">
        <ele>1336.68</ele>
      </trkpt>
      <trkpt lat="-6.63593" lon="106.993736">
        <ele>1333.36</ele>
      </trkpt>
      <trkpt lat="-6.635861" lon="106.993741">
        <ele>1330.87</ele>
      </trkpt>
      <trkpt lat="-6.63584" lon="106.99383">
        <ele>1328.43</ele>
      </trkpt>
      <trkpt lat="-6.635803" lon="106.99387">
        <ele>1326.1</ele>
      </trkpt>
      <trkpt lat="-6.635693" lon="106.993849">
        <ele>1323.04</ele>
      </trkpt>
      <trkpt lat="-6.635539" lon="106.993943">
        <ele>1313.73</ele>
      </trkpt>
      <trkpt lat="-6.635358" lon="106.994015">
        <ele>1305.12</ele>
      </trkpt>
      <trkpt lat="-6.635307" lon="106.99413">
        <ele>1298.04</ele>
      </trkpt>
      <trkpt lat="-6.635073" lon="106.994154">
        <ele>1283.29</ele>
      </trkpt>
      <trkpt lat="-6.63495" lon="106.994219">
        <ele>1272.56</ele>
      </trkpt>
      <trkpt lat="-6.634886" lon="106.994235">
        <ele>1267.42</ele>
      </trkpt>
      <trkpt lat="-6.634811" lon="106.99424">
        <ele>1262.57</ele>
      </trkpt>
      <trkpt lat="-6.634673" lon="106.99424">
        <ele>1254.03</ele>
      </trkpt>
      <trkpt lat="-6.634609" lon="106.994208">
        <ele>1251.03</ele>
      </trkpt>
      <trkpt lat="-6.634561" lon="106.994149">
        <ele>1248.18</ele>
      </trkpt>
      <trkpt lat="-6.634492" lon="106.994144">
        <ele>1243.54</ele>
      </trkpt>
      <trkpt lat="-6.63446" lon="106.994203">
        <ele>1241.66</ele>
      </trkpt>
      <trkpt lat="-6.634401" lon="106.994246">
        <ele>1237.07</ele>
      </trkpt>
      <trkpt lat="-6.634332" lon="106.994262">
        <ele>1232.62</ele>
      </trkpt>
      <trkpt lat="-6.634263" lon="106.994262">
        <ele>1228.48</ele>
      </trkpt>
      <trkpt lat="-6.634199" lon="106.994278">
        <ele>1224.56</ele>
      </trkpt>
      <trkpt lat="-6.63405" lon="106.994412">
        <ele>1215.69</ele>
      </trkpt>
      <trkpt lat="-6.63398" lon="106.994428">
        <ele>1211.56</ele>
      </trkpt>
      <trkpt lat="-6.633842" lon="106.994428">
        <ele>1203.52</ele>
      </trkpt>
      <trkpt lat="-6.633788" lon="106.994476">
        <ele>1198.79</ele>
      </trkpt>
      <trkpt lat="-6.633756" lon="106.99453">
        <ele>1195.71</ele>
      </trkpt>
      <trkpt lat="-6.633714" lon="106.994578">
        <ele>1191.55</ele>
      </trkpt>
      <trkpt lat="-6.63357" lon="106.994578">
        <ele>1181.52</ele>
      </trkpt>
      <trkpt lat="-6.633538" lon="106.994637">
        <ele>1178.39</ele>
      </trkpt>
      <trkpt lat="-6.633533" lon="106.994702">
        <ele>1177.17</ele>
      </trkpt>
      <trkpt lat="-6.633581" lon="106.99475">
        <ele>1177.84</ele>
      </trkpt>
      <trkpt lat="-6.633639" lon="106.994782">
        <ele>1179.34</ele>
      </trkpt>
      <trkpt lat="-6.633687" lon="106.994825">
        <ele>1179.41</ele>
      </trkpt>
      <trkpt lat="-6.633778" lon="106.994927">
        <ele>1178.26</ele>
      </trkpt>
      <trkpt lat="-6.633804" lon="106.994981">
        <ele>1176.55</ele>
      </trkpt>
      <trkpt lat="-6.633788" lon="106.995045">
        <ele>1171.97</ele>
      </trkpt>
      <trkpt lat="-6.633746" lon="106.995104">
        <ele>1166.68</ele>
      </trkpt>
      <trkpt lat="-6.633687" lon="106.995142">
        <ele>1161.52</ele>
      </trkpt>
      <trkpt lat="-6.633554" lon="106.995174">
        <ele>1153.05</ele>
      </trkpt>
      <trkpt lat="-6.633346" lon="106.995174">
        <ele>1142.48</ele>
      </trkpt>
      <trkpt lat="-6.633282" lon="106.995201">
        <ele>1138.01</ele>
      </trkpt>
      <trkpt lat="-6.633245" lon="106.99526">
        <ele>1133.21</ele>
      </trkpt>
      <trkpt lat="-6.633144" lon="106.99534">
        <ele>1124.96</ele>
      </trkpt>
      <trkpt lat="-6.633074" lon="106.995356">
        <ele>1121.6</ele>
      </trkpt>
      <trkpt lat="-6.632936" lon="106.995356">
        <ele>1116.05</ele>
      </trkpt>
      <trkpt lat="-6.632872" lon="106.995378">
        <ele>1112.45</ele>
      </trkpt>
      <trkpt lat="-6.632819" lon="106.995421">
        <ele>1108.85</ele>
      </trkpt>
      <trkpt lat="-6.632781" lon="106.99548">
        <ele>1105.73</ele>
      </trkpt>
      <trkpt lat="-6.632781" lon="106.995544">
        <ele>1103.97</ele>
      </trkpt>
      <trkpt lat="-6.632835" lon="106.995587">
        <ele>1104.83</ele>
      </trkpt>
      <trkpt lat="-6.632899" lon="106.995614">
        <ele>1106.71</ele>
      </trkpt>
      <trkpt lat="-6.632931" lon="106.995673">
        <ele>1107.05</ele>
      </trkpt>
      <trkpt lat="-6.632872" lon="106.99571">
        <ele>1104.19</ele>
      </trkpt>
      <trkpt lat="-6.632803" lon="106.995705">
        <ele>1101.78</ele>
      </trkpt>
      <trkpt lat="-6.632739" lon="106.995678">
        <ele>1100.21</ele>
      </trkpt>
      <trkpt lat="-6.632547" lon="106.995667">
        <ele>1093.6</ele>
      </trkpt>
      <trkpt lat="-6.632419" lon="106.99578">
        <ele>1088.94</ele>
      </trkpt>
      <trkpt lat="-6.63228" lon="106.995817">
        <ele>1084.76</ele>
      </trkpt>
      <trkpt lat="-6.632222" lon="106.99585">
        <ele>1082.96</ele>
      </trkpt>
      <trkpt lat="-6.632163" lon="106.995898">
        <ele>1081.37</ele>
      </trkpt>
      <trkpt lat="-6.632115" lon="106.995957">
        <ele>1079.91</ele>
      </trkpt>
      <trkpt lat="-6.632089" lon="106.996021">
        <ele>1079.14</ele>
      </trkpt>
      <trkpt lat="-6.632086" lon="106.996104">
        <ele>1079.19</ele>
      </trkpt>
      <trkpt lat="-6.631998" lon="106.996118">
        <ele>1076.62</ele>
      </trkpt>
      <trkpt lat="-6.631971" lon="106.99615">
        <ele>1075.84</ele>
      </trkpt>
      <trkpt lat="-6.631929" lon="106.996172">
        <ele>1074.59</ele>
      </trkpt>
      <trkpt lat="-6.631881" lon="106.996161">
        <ele>1073.19</ele>
      </trkpt>
      <trkpt lat="-6.631833" lon="106.996134">
        <ele>1071.78</ele>
      </trkpt>
      <trkpt lat="-6.631785" lon="106.996134">
        <ele>1070.41</ele>
      </trkpt>
      <trkpt lat="-6.631742" lon="106.99615">
        <ele>1069.27</ele>
      </trkpt>
      <trkpt lat="-6.631694" lon="106.996155">
        <ele>1067.99</ele>
      </trkpt>
      <trkpt lat="-6.631465" lon="106.996161">
        <ele>1062.88</ele>
      </trkpt>
      <trkpt lat="-6.631428" lon="106.996182">
        <ele>1062.38</ele>
      </trkpt>
      <trkpt lat="-6.631396" lon="106.996214">
        <ele>1062.19</ele>
      </trkpt>
      <trkpt lat="-6.631316" lon="106.996263">
        <ele>1061.47</ele>
      </trkpt>
      <trkpt lat="-6.631273" lon="106.996273">
        <ele>1060.79</ele>
      </trkpt>
      <trkpt lat="-6.631225" lon="106.996268">
        <ele>1059.58</ele>
      </trkpt>
      <trkpt lat="-6.631183" lon="106.996247">
        <ele>1058.21</ele>
      </trkpt>
      <trkpt lat="-6.631135" lon="106.996236">
        <ele>1056.9</ele>
      </trkpt>
      <trkpt lat="-6.631039" lon="106.996236">
        <ele>1054.1</ele>
      </trkpt>
      <trkpt lat="-6.631002" lon="106.996263">
        <ele>1053.52</ele>
      </trkpt>
      <trkpt lat="-6.630948" lon="106.996338">
        <ele>1052.78</ele>
      </trkpt>
      <trkpt lat="-6.630948" lon="106.996381">
        <ele>1053.28</ele>
      </trkpt>
      <trkpt lat="-6.630932" lon="106.996418">
        <ele>1053.06</ele>
      </trkpt>
      <trkpt lat="-6.630826" lon="106.996568">
        <ele>1048.83</ele>
      </trkpt>
      <trkpt lat="-6.630794" lon="106.996595">
        <ele>1047.52</ele>
      </trkpt>
      <trkpt lat="-6.63073" lon="106.99667">
        <ele>1044.81</ele>
      </trkpt>
      <trkpt lat="-6.630357" lon="106.996906">
        <ele>1032.56</ele>
      </trkpt>
      <trkpt lat="-6.63025" lon="106.996998">
        <ele>1030.63</ele>
      </trkpt>
      <trkpt lat="-6.630202" lon="106.997008">
        <ele>1030.39</ele>
      </trkpt>
      <trkpt lat="-6.630181" lon="106.996965">
        <ele>1030.43</ele>
      </trkpt>
      <trkpt lat="-6.630186" lon="106.996869">
        <ele>1029.64</ele>
      </trkpt>
      <trkpt lat="-6.630218" lon="106.996778">
        <ele>1029.15</ele>
      </trkpt>
      <trkpt lat="-6.630245" lon="106.996627">
        <ele>1027.65</ele>
      </trkpt>
      <trkpt lat="-6.630261" lon="106.996574">
        <ele>1027.45</ele>
      </trkpt>
      <trkpt lat="-6.630277" lon="106.996418">
        <ele>1026.28</ele>
      </trkpt>
      <trkpt lat="-6.630256" lon="106.996107">
        <ele>1023.75</ele>
      </trkpt>
      <trkpt lat="-6.630288" lon="106.996016">
        <ele>1024.63</ele>
      </trkpt>
      <trkpt lat="-6.630293" lon="106.995968">
        <ele>1024.76</ele>
      </trkpt>
      <trkpt lat="-6.630266" lon="106.995817">
        <ele>1022.81</ele>
      </trkpt>
      <trkpt lat="-6.630277" lon="106.995764">
        <ele>1022.5</ele>
      </trkpt>
      <trkpt lat="-6.630304" lon="106.995721">
        <ele>1022.9</ele>
      </trkpt>
      <trkpt lat="-6.630314" lon="106.995667">
        <ele>1022.9</ele>
      </trkpt>
      <trkpt lat="-6.630325" lon="106.995565">
        <ele>1022.67</ele>
      </trkpt>
      <trkpt lat="-6.630312" lon="106.995481">
        <ele>1022.65</ele>
      </trkpt>
      <trkpt lat="-6.630264" lon="106.995402">
        <ele>1021.89</ele>
      </trkpt>
      <trkpt lat="-6.63008" lon="106.995372">
        <ele>1019.02</ele>
      </trkpt>
      <trkpt lat="-6.629872" lon="106.995372">
        <ele>1013.6</ele>
      </trkpt>
      <trkpt lat="-6.629781" lon="106.995402">
        <ele>1010.72</ele>
      </trkpt>
      <trkpt lat="-6.629668" lon="106.995457">
        <ele>1007.78</ele>
      </trkpt>
      <trkpt lat="-6.629563" lon="106.995421">
        <ele>1005.5</ele>
      </trkpt>
      <trkpt lat="-6.629518" lon="106.995388">
        <ele>1004.34</ele>
      </trkpt>
      <trkpt lat="-6.629451" lon="106.995313">
        <ele>1001.98</ele>
      </trkpt>
      <trkpt lat="-6.629387" lon="106.995281">
        <ele>1000.27</ele>
      </trkpt>
      <trkpt lat="-6.629355" lon="106.995246">
        <ele>999.5</ele>
      </trkpt>
      <trkpt lat="-6.629315" lon="106.995219">
        <ele>998.72</ele>
      </trkpt>
      <trkpt lat="-6.629147" lon="106.995166">
        <ele>996.02</ele>
      </trkpt>
      <trkpt lat="-6.628905" lon="106.995053">
        <ele>992.02</ele>
      </trkpt>
      <trkpt lat="-6.628708" lon="106.994951">
        <ele>987.4</ele>
      </trkpt>
      <trkpt lat="-6.628665" lon="106.994935">
        <ele>986.46</ele>
      </trkpt>
      <trkpt lat="-6.62858" lon="106.994935">
        <ele>984.96</ele>
      </trkpt>
      <trkpt lat="-6.628553" lon="106.994927">
        <ele>984.44</ele>
      </trkpt>
      <trkpt lat="-6.628471" lon="106.994876">
        <ele>982.85</ele>
      </trkpt>
      <trkpt lat="-6.628367" lon="106.994881">
        <ele>981.85</ele>
      </trkpt>
      <trkpt lat="-6.628289" lon="106.994914">
        <ele>981.78</ele>
      </trkpt>
      <trkpt lat="-6.628244" lon="106.995007">
        <ele>982.61</ele>
      </trkpt>
      <trkpt lat="-6.628132" lon="106.995166">
        <ele>982.82</ele>
      </trkpt>
      <trkpt lat="-6.628076" lon="106.995193">
        <ele>982.3</ele>
      </trkpt>
      <trkpt lat="-6.628018" lon="106.995203">
        <ele>981.83</ele>
      </trkpt>
      <trkpt lat="-6.627882" lon="106.995152">
        <ele>981.03</ele>
      </trkpt>
      <trkpt lat="-6.627786" lon="106.995152">
        <ele>980.7</ele>
      </trkpt>
      <trkpt lat="-6.627559" lon="106.995069">
        <ele>980.91</ele>
      </trkpt>
      <trkpt lat="-6.627217" lon="106.994924">
        <ele>982.51</ele>
      </trkpt>
      <trkpt lat="-6.627158" lon="106.994952">
        <ele>982.88</ele>
      </trkpt>
      <trkpt lat="-6.627041" lon="106.994974">
        <ele>983.83</ele>
      </trkpt>
      <trkpt lat="-6.62696" lon="106.994978">
        <ele>984.73</ele>
      </trkpt>
      <trkpt lat="-6.626955" lon="106.994932">
        <ele>984.79</ele>
      </trkpt>
      <trkpt lat="-6.626931" lon="106.994844">
        <ele>985.29</ele>
      </trkpt>
      <trkpt lat="-6.626931" lon="106.994844">
        <ele>985.29</ele>
      </trkpt>
      <trkpt lat="-6.626912" lon="106.994773">
        <ele>985.7</ele>
      </trkpt>
      <trkpt lat="-6.626906" lon="106.9947">
        <ele>986.06</ele>
      </trkpt>
      <trkpt lat="-6.626917" lon="106.994623">
        <ele>986.04</ele>
      </trkpt>
      <trkpt lat="-6.626961" lon="106.994441">
        <ele>985.92</ele>
      </trkpt>
      <trkpt lat="-6.626973" lon="106.994338">
        <ele>985.86</ele>
      </trkpt>
      <trkpt lat="-6.626964" lon="106.994179">
        <ele>986.03</ele>
      </trkpt>
      <trkpt lat="-6.626919" lon="106.993927">
        <ele>986.48</ele>
      </trkpt>
      <trkpt lat="-6.626908" lon="106.993814">
        <ele>986.13</ele>
      </trkpt>
      <trkpt lat="-6.626897" lon="106.993548">
        <ele>984.16</ele>
      </trkpt>
      <trkpt lat="-6.626835" lon="106.993241">
        <ele>980.28</ele>
      </trkpt>
      <trkpt lat="-6.626813" lon="106.993082">
        <ele>978.31</ele>
      </trkpt>
      <trkpt lat="-6.626837" lon="106.992952">
        <ele>977.71</ele>
      </trkpt>
      <trkpt lat="-6.626916" lon="106.992695">
        <ele>978.27</ele>
      </trkpt>
      <trkpt lat="-6.627019" lon="106.99252">
        <ele>979.49</ele>
      </trkpt>
      <trkpt lat="-6.627045" lon="106.992451">
        <ele>979.85</ele>
      </trkpt>
      <trkpt lat="-6.627085" lon="106.99229">
        <ele>979.97</ele>
      </trkpt>
      <trkpt lat="-6.627085" lon="106.992243">
        <ele>980.24</ele>
      </trkpt>
      <trkpt lat="-6.62705" lon="106.992113">
        <ele>981.62</ele>
      </trkpt>
      <trkpt lat="-6.62705" lon="106.992073">
        <ele>981.85</ele>
      </trkpt>
      <trkpt lat="-6.627092" lon="106.991928">
        <ele>981.96</ele>
      </trkpt>
      <trkpt lat="-6.627093" lon="106.991852">
        <ele>982.38</ele>
      </trkpt>
      <trkpt lat="-6.627084" lon="106.991773">
        <ele>983</ele>
      </trkpt>
      <trkpt lat="-6.627061" lon="106.991707">
        <ele>983.78</ele>
      </trkpt>
      <trkpt lat="-6.62696" lon="106.991596">
        <ele>986.16</ele>
      </trkpt>
      <trkpt lat="-6.626918" lon="106.991518">
        <ele>987.05</ele>
      </trkpt>
      <trkpt lat="-6.6269" lon="106.991459">
        <ele>987.4</ele>
      </trkpt>
      <trkpt lat="-6.626912" lon="106.991335">
        <ele>988.54</ele>
      </trkpt>
      <trkpt lat="-6.626877" lon="106.991222">
        <ele>990.27</ele>
      </trkpt>
      <trkpt lat="-6.626867" lon="106.991171">
        <ele>990.97</ele>
      </trkpt>
      <trkpt lat="-6.626851" lon="106.99086">
        <ele>995.78</ele>
      </trkpt>
      <trkpt lat="-6.626875" lon="106.990758">
        <ele>996.81</ele>
      </trkpt>
      <trkpt lat="-6.626971" lon="106.990636">
        <ele>998.16</ele>
      </trkpt>
      <trkpt lat="-6.626995" lon="106.990554">
        <ele>999.16</ele>
      </trkpt>
      <trkpt lat="-6.626982" lon="106.990493">
        <ele>999.52</ele>
      </trkpt>
      <trkpt lat="-6.626898" lon="106.990332">
        <ele>1000.12</ele>
      </trkpt>
      <trkpt lat="-6.626839" lon="106.990239">
        <ele>999.85</ele>
      </trkpt>
      <trkpt lat="-6.626739" lon="106.990101">
        <ele>998.69</ele>
      </trkpt>
      <trkpt lat="-6.626715" lon="106.990069">
        <ele>998.4</ele>
      </trkpt>
      <trkpt lat="-6.626683" lon="106.990044">
        <ele>998.03</ele>
      </trkpt>
      <trkpt lat="-6.626598" lon="106.990006">
        <ele>996.38</ele>
      </trkpt>
      <trkpt lat="-6.626584" lon="106.989991">
        <ele>996.05</ele>
      </trkpt>
      <trkpt lat="-6.626583" lon="106.98995">
        <ele>995.91</ele>
      </trkpt>
      <trkpt lat="-6.626683" lon="106.989798">
        <ele>998.62</ele>
      </trkpt>
      <trkpt lat="-6.627005" lon="106.989407">
        <ele>1008.35</ele>
      </trkpt>
      <trkpt lat="-6.627221" lon="106.989192">
        <ele>1015.73</ele>
      </trkpt>
      <trkpt lat="-6.6273" lon="106.989135">
        <ele>1017.91</ele>
      </trkpt>
      <trkpt lat="-6.6274" lon="106.98908">
        <ele>1020.51</ele>
      </trkpt>
      <trkpt lat="-6.627437" lon="106.989052">
        <ele>1021.57</ele>
      </trkpt>
      <trkpt lat="-6.627466" lon="106.98902">
        <ele>1022.52</ele>
      </trkpt>
      <trkpt lat="-6.627491" lon="106.988968">
        <ele>1023.63</ele>
      </trkpt>
      <trkpt lat="-6.627519" lon="106.988852">
        <ele>1025.59</ele>
      </trkpt>
      <trkpt lat="-6.627638" lon="106.98863">
        <ele>1030.36</ele>
      </trkpt>
      <trkpt lat="-6.627692" lon="106.988499">
        <ele>1032.81</ele>
      </trkpt>
      <trkpt lat="-6.62774" lon="106.988404">
        <ele>1035.54</ele>
      </trkpt>
      <trkpt lat="-6.627766" lon="106.988371">
        <ele>1036.82</ele>
      </trkpt>
      <trkpt lat="-6.627798" lon="106.988345">
        <ele>1038.26</ele>
      </trkpt>
      <trkpt lat="-6.627841" lon="106.988331">
        <ele>1040.11</ele>
      </trkpt>
      <trkpt lat="-6.627884" lon="106.988329">
        <ele>1041.68</ele>
      </trkpt>
      <trkpt lat="-6.627926" lon="106.988344">
        <ele>1042.77</ele>
      </trkpt>
      <trkpt lat="-6.627978" lon="106.988379">
        <ele>1044.19</ele>
      </trkpt>
      <trkpt lat="-6.628011" lon="106.988427">
        <ele>1044.78</ele>
      </trkpt>
      <trkpt lat="-6.628081" lon="106.988563">
        <ele>1045.21</ele>
      </trkpt>
      <trkpt lat="-6.628101" lon="106.988587">
        <ele>1045.32</ele>
      </trkpt>
      <trkpt lat="-6.62812" lon="106.988596">
        <ele>1045.61</ele>
      </trkpt>
      <trkpt lat="-6.628165" lon="106.988599">
        <ele>1046.5</ele>
      </trkpt>
      <trkpt lat="-6.628236" lon="106.988573">
        <ele>1048.22</ele>
      </trkpt>
      <trkpt lat="-6.628285" lon="106.988497">
        <ele>1050.19</ele>
      </trkpt>
      <trkpt lat="-6.628419" lon="106.988063">
        <ele>1060.23</ele>
      </trkpt>
      <trkpt lat="-6.628487" lon="106.987952">
        <ele>1063.31</ele>
      </trkpt>
      <trkpt lat="-6.628519" lon="106.987878">
        <ele>1065.41</ele>
      </trkpt>
      <trkpt lat="-6.628534" lon="106.987597">
        <ele>1073.91</ele>
      </trkpt>
      <trkpt lat="-6.628564" lon="106.987522">
        <ele>1076.79</ele>
      </trkpt>
      <trkpt lat="-6.628566" lon="106.987468">
        <ele>1078.9</ele>
      </trkpt>
      <trkpt lat="-6.628539" lon="106.987394">
        <ele>1082.24</ele>
      </trkpt>
      <trkpt lat="-6.628582" lon="106.987353">
        <ele>1084.48</ele>
      </trkpt>
      <trkpt lat="-6.628701" lon="106.987343">
        <ele>1086.3</ele>
      </trkpt>
      <trkpt lat="-6.62879" lon="106.987346">
        <ele>1087.52</ele>
      </trkpt>
      <trkpt lat="-6.628977" lon="106.98739">
        <ele>1088.6</ele>
      </trkpt>
      <trkpt lat="-6.629163" lon="106.987418">
        <ele>1091.41</ele>
      </trkpt>
      <trkpt lat="-6.629409" lon="106.987439">
        <ele>1097.32</ele>
      </trkpt>
      <trkpt lat="-6.629448" lon="106.987434">
        <ele>1098.91</ele>
      </trkpt>
      <trkpt lat="-6.629499" lon="106.987401">
        <ele>1101.96</ele>
      </trkpt>
      <trkpt lat="-6.629518" lon="106.987367">
        <ele>1103.81</ele>
      </trkpt>
      <trkpt lat="-6.629547" lon="106.987267">
        <ele>1107.35</ele>
      </trkpt>
      <trkpt lat="-6.629572" lon="106.987232">
        <ele>1108.32</ele>
      </trkpt>
      <trkpt lat="-6.62961" lon="106.987221">
        <ele>1108.75</ele>
      </trkpt>
      <trkpt lat="-6.629656" lon="106.987224">
        <ele>1108.95</ele>
      </trkpt>
      <trkpt lat="-6.629512" lon="106.986977">
        <ele>1110.82</ele>
      </trkpt>
      <trkpt lat="-6.629446" lon="106.986875">
        <ele>1111.08</ele>
      </trkpt>
      <trkpt lat="-6.629342" lon="106.986786">
        <ele>1111.29</ele>
      </trkpt>
      <trkpt lat="-6.629238" lon="106.986725">
        <ele>1111.16</ele>
      </trkpt>
      <trkpt lat="-6.629166" lon="106.986706">
        <ele>1111.17</ele>
      </trkpt>
      <trkpt lat="-6.628998" lon="106.986714">
        <ele>1111.5</ele>
      </trkpt>
      <trkpt lat="-6.628931" lon="106.986749">
        <ele>1111.36</ele>
      </trkpt>
      <trkpt lat="-6.628881" lon="106.986803">
        <ele>1110.9</ele>
      </trkpt>
      <trkpt lat="-6.628841" lon="106.986827">
        <ele>1110.22</ele>
      </trkpt>
      <trkpt lat="-6.628817" lon="106.986827">
        <ele>1110.17</ele>
      </trkpt>
      <trkpt lat="-6.628748" lon="106.986808">
        <ele>1110.67</ele>
      </trkpt>
      <trkpt lat="-6.62859" lon="106.986701">
        <ele>1113.07</ele>
      </trkpt>
      <trkpt lat="-6.628495" lon="106.986682">
        <ele>1113.97</ele>
      </trkpt>
      <trkpt lat="-6.628356" lon="106.986614">
        <ele>1115.89</ele>
      </trkpt>
      <trkpt lat="-6.628394" lon="106.986587">
        <ele>1116.89</ele>
      </trkpt>
      <trkpt lat="-6.628421" lon="106.986554">
        <ele>1117.43</ele>
      </trkpt>
      <trkpt lat="-6.628434" lon="106.986518">
        <ele>1118.09</ele>
      </trkpt>
      <trkpt lat="-6.628427" lon="106.986432">
        <ele>1119.8</ele>
      </trkpt>
      <trkpt lat="-6.628399" lon="106.986306">
        <ele>1121.55</ele>
      </trkpt>
      <trkpt lat="-6.628403" lon="106.986257">
        <ele>1121.91</ele>
      </trkpt>
      <trkpt lat="-6.628422" lon="106.986204">
        <ele>1121.96</ele>
      </trkpt>
      <trkpt lat="-6.628622" lon="106.985954">
        <ele>1122.4</ele>
      </trkpt>
      <trkpt lat="-6.628695" lon="106.985818">
        <ele>1124.17</ele>
      </trkpt>
      <trkpt lat="-6.628736" lon="106.985704">
        <ele>1126.46</ele>
      </trkpt>
      <trkpt lat="-6.62879" lon="106.985602">
        <ele>1128.83</ele>
      </trkpt>
      <trkpt lat="-6.628948" lon="106.985381">
        <ele>1135.65</ele>
      </trkpt>
      <trkpt lat="-6.628962" lon="106.985349">
        <ele>1136.77</ele>
      </trkpt>
      <trkpt lat="-6.628966" lon="106.985314">
        <ele>1137.92</ele>
      </trkpt>
      <trkpt lat="-6.628953" lon="106.985278">
        <ele>1139.09</ele>
      </trkpt>
      <trkpt lat="-6.628845" lon="106.985155">
        <ele>1142.66</ele>
      </trkpt>
      <trkpt lat="-6.62876" lon="106.98506">
        <ele>1144.87</ele>
      </trkpt>
      <trkpt lat="-6.628736" lon="106.985012">
        <ele>1146.01</ele>
      </trkpt>
      <trkpt lat="-6.62873" lon="106.984959">
        <ele>1147.45</ele>
      </trkpt>
      <trkpt lat="-6.628738" lon="106.984898">
        <ele>1149.29</ele>
      </trkpt>
      <trkpt lat="-6.628771" lon="106.984765">
        <ele>1152.36</ele>
      </trkpt>
      <trkpt lat="-6.628855" lon="106.98458">
        <ele>1156.46</ele>
      </trkpt>
      <trkpt lat="-6.628946" lon="106.984444">
        <ele>1160.68</ele>
      </trkpt>
      <trkpt lat="-6.628957" lon="106.984389">
        <ele>1161.65</ele>
      </trkpt>
      <trkpt lat="-6.62896" lon="106.984247">
        <ele>1164.77</ele>
      </trkpt>
      <trkpt lat="-6.628906" lon="106.984103">
        <ele>1166.52</ele>
      </trkpt>
      <trkpt lat="-6.628758" lon="106.983786">
        <ele>1171.52</ele>
      </trkpt>
      <trkpt lat="-6.628744" lon="106.983739">
        <ele>1172.37</ele>
      </trkpt>
      <trkpt lat="-6.628742" lon="106.983695">
        <ele>1173.51</ele>
      </trkpt>
      <trkpt lat="-6.628749" lon="106.983656">
        <ele>1174.47</ele>
      </trkpt>
      <trkpt lat="-6.628814" lon="106.9835">
        <ele>1179.77</ele>
      </trkpt>
      <trkpt lat="-6.62885" lon="106.983376">
        <ele>1182.7</ele>
      </trkpt>
      <trkpt lat="-6.62885" lon="106.983376">
        <ele>1182.7</ele>
      </trkpt>
      <trkpt lat="-6.628827" lon="106.98326">
        <ele>1183.09</ele>
      </trkpt>
      <trkpt lat="-6.628794" lon="106.983184">
        <ele>1182.65</ele>
      </trkpt>
      <trkpt lat="-6.628802" lon="106.983038">
        <ele>1185.51</ele>
      </trkpt>
      <trkpt lat="-6.62886" lon="106.982893">
        <ele>1189.33</ele>
      </trkpt>
      <trkpt lat="-6.628899" lon="106.98283">
        <ele>1191.14</ele>
      </trkpt>
      <trkpt lat="-6.628906" lon="106.982791">
        <ele>1192.13</ele>
      </trkpt>
      <trkpt lat="-6.628888" lon="106.98277">
        <ele>1191.91</ele>
      </trkpt>
      <trkpt lat="-6.628842" lon="106.982767">
        <ele>1190.71</ele>
      </trkpt>
      <trkpt lat="-6.628792" lon="106.982789">
        <ele>1188.91</ele>
      </trkpt>
      <trkpt lat="-6.628656" lon="106.982868">
        <ele>1184.55</ele>
      </trkpt>
      <trkpt lat="-6.628616" lon="106.982853">
        <ele>1184.38</ele>
      </trkpt>
      <trkpt lat="-6.628528" lon="106.982778">
        <ele>1185.31</ele>
      </trkpt>
      <trkpt lat="-6.627932" lon="106.982169">
        <ele>1193.9</ele>
      </trkpt>
      <trkpt lat="-6.627868" lon="106.982074">
        <ele>1195.87</ele>
      </trkpt>
      <trkpt lat="-6.62783" lon="106.981845">
        <ele>1200.4</ele>
      </trkpt>
      <trkpt lat="-6.627751" lon="106.981767">
        <ele>1201.57</ele>
      </trkpt>
      <trkpt lat="-6.627703" lon="106.981642">
        <ele>1202.96</ele>
      </trkpt>
      <trkpt lat="-6.627692" lon="106.98152">
        <ele>1204.96</ele>
      </trkpt>
      <trkpt lat="-6.627648" lon="106.981376">
        <ele>1206.21</ele>
      </trkpt>
      <trkpt lat="-6.627532" lon="106.981131">
        <ele>1204.93</ele>
      </trkpt>
      <trkpt lat="-6.627416" lon="106.980886">
        <ele>1201.52</ele>
      </trkpt>
      <trkpt lat="-6.627329" lon="106.980683">
        <ele>1199.73</ele>
      </trkpt>
      <trkpt lat="-6.627256" lon="106.98032">
        <ele>1199.83</ele>
      </trkpt>
      <trkpt lat="-6.627197" lon="106.980203">
        <ele>1198.11</ele>
      </trkpt>
      <trkpt lat="-6.627092" lon="106.980082">
        <ele>1196.25</ele>
      </trkpt>
      <trkpt lat="-6.626993" lon="106.980006">
        <ele>1195.15</ele>
      </trkpt>
      <trkpt lat="-6.626909" lon="106.979917">
        <ele>1194.68</ele>
      </trkpt>
      <trkpt lat="-6.626869" lon="106.979844">
        <ele>1194.64</ele>
      </trkpt>
      <trkpt lat="-6.626791" lon="106.979569">
        <ele>1196.03</ele>
      </trkpt>
      <trkpt lat="-6.626753" lon="106.979469">
        <ele>1196.61</ele>
      </trkpt>
      <trkpt lat="-6.626724" lon="106.979417">
        <ele>1196.91</ele>
      </trkpt>
      <trkpt lat="-6.626691" lon="106.979388">
        <ele>1197</ele>
      </trkpt>
      <trkpt lat="-6.626604" lon="106.979339">
        <ele>1196.55</ele>
      </trkpt>
      <trkpt lat="-6.626311" lon="106.979225">
        <ele>1196</ele>
      </trkpt>
      <trkpt lat="-6.626213" lon="106.979161">
        <ele>1196</ele>
      </trkpt>
      <trkpt lat="-6.626123" lon="106.979052">
        <ele>1196.03</ele>
      </trkpt>
      <trkpt lat="-6.626069" lon="106.97895">
        <ele>1196.63</ele>
      </trkpt>
      <trkpt lat="-6.626048" lon="106.978866">
        <ele>1197.12</ele>
      </trkpt>
      <trkpt lat="-6.626045" lon="106.978774">
        <ele>1197.65</ele>
      </trkpt>
      <trkpt lat="-6.626066" lon="106.978339">
        <ele>1199.99</ele>
      </trkpt>
      <trkpt lat="-6.626065" lon="106.978219">
        <ele>1200.68</ele>
      </trkpt>
      <trkpt lat="-6.626044" lon="106.978117">
        <ele>1200.68</ele>
      </trkpt>
      <trkpt lat="-6.625896" lon="106.977756">
        <ele>1197.96</ele>
      </trkpt>
      <trkpt lat="-6.625804" lon="106.977466">
        <ele>1198.11</ele>
      </trkpt>
      <trkpt lat="-6.6257" lon="106.977295">
        <ele>1198.52</ele>
      </trkpt>
      <trkpt lat="-6.625659" lon="106.977212">
        <ele>1199.26</ele>
      </trkpt>
      <trkpt lat="-6.625612" lon="106.97704">
        <ele>1199.79</ele>
      </trkpt>
      <trkpt lat="-6.625578622178438" lon="106.97704755480743">
        <ele>1200.309443875457</ele>
      </trkpt>
      <trkpt lat="-6.625657628914539" lon="106.97663010941693">
        <ele>1201.4221888731508</ele>
      </trkpt>
      <trkpt lat="-6.625657628914539" lon="106.97663010941693">
        <ele>1201.4221888731508</ele>
      </trkpt>
      <trkpt lat="-6.625657628914539" lon="106.97663010941693">
        <ele>1201.4221888731508</ele>
      </trkpt>
      <trkpt lat="-6.625414403850996" lon="106.97646892630195">
        <ele>1198.748493718798</ele>
      </trkpt>
      <trkpt lat="-6.625085967030671" lon="106.97632013611366">
        <ele>1196.262816483226</ele>
      </trkpt>
      <trkpt lat="-6.625085967030671" lon="106.97632013611366">
        <ele>1196.262816483226</ele>
      </trkpt>
      <trkpt lat="-6.6250452567111955" lon="106.97586931217734">
        <ele>1203.7954779274678</ele>
      </trkpt>
      <trkpt lat="-6.625020279641504" lon="106.97559271742148">
        <ele>1208.4095231060637</ele>
      </trkpt>
      <trkpt lat="-6.625020279641504" lon="106.97559271742148">
        <ele>1208.4095231060637</ele>
      </trkpt>
      <trkpt lat="-6.62475891996981" lon="106.97522435424983">
        <ele>1210.4481118953822</ele>
      </trkpt>
      <trkpt lat="-6.6246918425587324" lon="106.97512981461512">
        <ele>1211.906240780605</ele>
      </trkpt>
      <trkpt lat="-6.6246918425587324" lon="106.97512981461512">
        <ele>1211.906240780605</ele>
      </trkpt>
      <trkpt lat="-6.624847717324331" lon="106.97470520051097">
        <ele>1221.5207583401352</ele>
      </trkpt>
      <trkpt lat="-6.6250035920899295" lon="106.9742805864068">
        <ele>1230.3579348489695</ele>
      </trkpt>
      <trkpt lat="-6.6251594668555285" lon="106.97385597230266">
        <ele>1239.9277775208466</ele>
      </trkpt>
      <trkpt lat="-6.6252501854689285" lon="106.97360884825656">
        <ele>1244.8288969985028</ele>
      </trkpt>
      <trkpt lat="-6.6252501854689285" lon="106.97360884825656">
        <ele>1244.8288969985028</ele>
      </trkpt>
      <trkpt lat="-6.625135681869803" lon="106.97317108801614">
        <ele>1252.9993889533125</ele>
      </trkpt>
      <trkpt lat="-6.625021178270677" lon="106.97273332777574">
        <ele>1258.7689248334216</ele>
      </trkpt>
      <trkpt lat="-6.625019" lon="106.972725">
        <ele>1258.8573613881908</ele>
      </trkpt>
      <trkpt lat="-6.625019" lon="106.972725">
        <ele>1259.14</ele>
      </trkpt>
      <trkpt lat="-6.624994" lon="106.972592">
        <ele>1260.31</ele>
      </trkpt>
      <trkpt lat="-6.624993" lon="106.972472">
        <ele>1261.45</ele>
      </trkpt>
      <trkpt lat="-6.625139" lon="106.971914">
        <ele>1268.01</ele>
      </trkpt>
      <trkpt lat="-6.625274" lon="106.971591">
        <ele>1276.09</ele>
      </trkpt>
      <trkpt lat="-6.625321" lon="106.971266">
        <ele>1281.58</ele>
      </trkpt>
      <trkpt lat="-6.625407" lon="106.97105">
        <ele>1284.41</ele>
      </trkpt>
      <trkpt lat="-6.625394" lon="106.970839">
        <ele>1281.4</ele>
      </trkpt>
      <trkpt lat="-6.625397" lon="106.970575">
        <ele>1279.47</ele>
      </trkpt>
      <trkpt lat="-6.625468" lon="106.97039">
        <ele>1280.66</ele>
      </trkpt>
      <trkpt lat="-6.625369" lon="106.969902">
        <ele>1286.36</ele>
      </trkpt>
      <trkpt lat="-6.625431" lon="106.969685">
        <ele>1290.86</ele>
      </trkpt>
      <trkpt lat="-6.625606" lon="106.969526">
        <ele>1296.4</ele>
      </trkpt>
      <trkpt lat="-6.625838" lon="106.969462">
        <ele>1302.03</ele>
      </trkpt>
      <trkpt lat="-6.626066" lon="106.969391">
        <ele>1305.55</ele>
      </trkpt>
      <trkpt lat="-6.626294" lon="106.96932">
        <ele>1305.7</ele>
      </trkpt>
      <trkpt lat="-6.626594" lon="106.969108">
        <ele>1296.54</ele>
      </trkpt>
      <trkpt lat="-6.626689" lon="106.969013">
        <ele>1292.74</ele>
      </trkpt>
      <trkpt lat="-6.626741" lon="106.968875">
        <ele>1289.8</ele>
      </trkpt>
      <trkpt lat="-6.626751" lon="106.968737">
        <ele>1286.41</ele>
      </trkpt>
      <trkpt lat="-6.626858" lon="106.968585">
        <ele>1285.89</ele>
      </trkpt>
      <trkpt lat="-6.627056" lon="106.96837">
        <ele>1286.22</ele>
      </trkpt>
      <trkpt lat="-6.627174" lon="106.968313">
        <ele>1287.98</ele>
      </trkpt>
      <trkpt lat="-6.627328" lon="106.968251">
        <ele>1289.58</ele>
      </trkpt>
      <trkpt lat="-6.627431" lon="106.968132">
        <ele>1287.01</ele>
      </trkpt>
      <trkpt lat="-6.627476" lon="106.967736">
        <ele>1282.08</ele>
      </trkpt>
      <trkpt lat="-6.627598" lon="106.96729">
        <ele>1281.9</ele>
      </trkpt>
      <trkpt lat="-6.627713" lon="106.96704">
        <ele>1282.21</ele>
      </trkpt>
      <trkpt lat="-6.627759" lon="106.966748">
        <ele>1282</ele>
      </trkpt>
      <trkpt lat="-6.627765" lon="106.966486">
        <ele>1281.25</ele>
      </trkpt>
      <trkpt lat="-6.627815" lon="106.966265">
        <ele>1280.64</ele>
      </trkpt>
      <trkpt lat="-6.627967" lon="106.966015">
        <ele>1280.7</ele>
      </trkpt>
      <trkpt lat="-6.628082" lon="106.965933">
        <ele>1281.09</ele>
      </trkpt>
      <trkpt lat="-6.628206" lon="106.96589">
        <ele>1282.29</ele>
      </trkpt>
      <trkpt lat="-6.628449" lon="106.965731">
        <ele>1282.73</ele>
      </trkpt>
      <trkpt lat="-6.628606" lon="106.96558">
        <ele>1282.72</ele>
      </trkpt>
      <trkpt lat="-6.628718" lon="106.96528">
        <ele>1278.23</ele>
      </trkpt>
      <trkpt lat="-6.628816" lon="106.965212">
        <ele>1278.21</ele>
      </trkpt>
      <trkpt lat="-6.628954" lon="106.965137">
        <ele>1278.62</ele>
      </trkpt>
      <trkpt lat="-6.62915" lon="106.964961">
        <ele>1275.62</ele>
      </trkpt>
      <trkpt lat="-6.629235" lon="106.964717">
        <ele>1269.38</ele>
      </trkpt>
      <trkpt lat="-6.629224" lon="106.964628">
        <ele>1267.18</ele>
      </trkpt>
      <trkpt lat="-6.629256" lon="106.964518">
        <ele>1265.09</ele>
      </trkpt>
      <trkpt lat="-6.629376" lon="106.964403">
        <ele>1264.3</ele>
      </trkpt>
      <trkpt lat="-6.629484" lon="106.964253">
        <ele>1262.1</ele>
      </trkpt>
      <trkpt lat="-6.629548" lon="106.964176">
        <ele>1262.7</ele>
      </trkpt>
      <trkpt lat="-6.62948" lon="106.964083">
        <ele>1260.73</ele>
      </trkpt>
      <trkpt lat="-6.629438" lon="106.96406">
        <ele>1259.85</ele>
      </trkpt>
      <trkpt lat="-6.629421004970624" lon="106.96409185746228">
        <ele>1261.5520044073564</ele>
      </trkpt>
      <trkpt lat="-6.629438" lon="106.96406">
        <ele>1259.85</ele>
      </trkpt>
      <trkpt lat="-6.629245" lon="106.963956">
        <ele>1255.85</ele>
      </trkpt>
      <trkpt lat="-6.629204" lon="106.963839">
        <ele>1256.79</ele>
      </trkpt>
      <trkpt lat="-6.629262" lon="106.963694">
        <ele>1262.01</ele>
      </trkpt>
      <trkpt lat="-6.629349" lon="106.963552">
        <ele>1269.34</ele>
      </trkpt>
      <trkpt lat="-6.629315" lon="106.963435">
        <ele>1272.43</ele>
      </trkpt>
      <trkpt lat="-6.629162" lon="106.963389">
        <ele>1268.41</ele>
      </trkpt>
      <trkpt lat="-6.629039" lon="106.963364">
        <ele>1264.57</ele>
      </trkpt>
      <trkpt lat="-6.62893" lon="106.963242">
        <ele>1265.68</ele>
      </trkpt>
      <trkpt lat="-6.628671" lon="106.963061">
        <ele>1268.39</ele>
      </trkpt>
      <trkpt lat="-6.628616" lon="106.962924">
        <ele>1272.47</ele>
      </trkpt>
      <trkpt lat="-6.628565" lon="106.962721">
        <ele>1281.16</ele>
      </trkpt>
      <trkpt lat="-6.628507" lon="106.962594">
        <ele>1282.24</ele>
      </trkpt>
      <trkpt lat="-6.628424" lon="106.962624">
        <ele>1280.26</ele>
      </trkpt>
      <trkpt lat="-6.62834" lon="106.962732">
        <ele>1277.97</ele>
      </trkpt>
      <trkpt lat="-6.6281" lon="106.962927">
        <ele>1271.75</ele>
      </trkpt>
      <trkpt lat="-6.627943" lon="106.963012">
        <ele>1271.07</ele>
      </trkpt>
      <trkpt lat="-6.627827" lon="106.963046">
        <ele>1270.14</ele>
      </trkpt>
      <trkpt lat="-6.627752" lon="106.963001">
        <ele>1270.97</ele>
      </trkpt>
      <trkpt lat="-6.627692" lon="106.962927">
        <ele>1272.71</ele>
      </trkpt>
      <trkpt lat="-6.627645" lon="106.962692">
        <ele>1274.36</ele>
      </trkpt>
      <trkpt lat="-6.627645" lon="106.962398">
        <ele>1270.89</ele>
      </trkpt>
      <trkpt lat="-6.627709" lon="106.962209">
        <ele>1270.26</ele>
      </trkpt>
      <trkpt lat="-6.627893" lon="106.961897">
        <ele>1275.88</ele>
      </trkpt>
      <trkpt lat="-6.627941" lon="106.961756">
        <ele>1277.43</ele>
      </trkpt>
      <trkpt lat="-6.627938" lon="106.961689">
        <ele>1277.15</ele>
      </trkpt>
      <trkpt lat="-6.627852" lon="106.961574">
        <ele>1275.61</ele>
      </trkpt>
      <trkpt lat="-6.627842" lon="106.961481">
        <ele>1276.38</ele>
      </trkpt>
      <trkpt lat="-6.627936" lon="106.961387">
        <ele>1279.96</ele>
      </trkpt>
      <trkpt lat="-6.628054" lon="106.961387">
        <ele>1282.88</ele>
      </trkpt>
      <trkpt lat="-6.627868" lon="106.961211">
        <ele>1280.28</ele>
      </trkpt>
      <trkpt lat="-6.627781" lon="106.961112">
        <ele>1279.37</ele>
      </trkpt>
      <trkpt lat="-6.627709" lon="106.961135">
        <ele>1276.7</ele>
      </trkpt>
      <trkpt lat="-6.627615" lon="106.961181">
        <ele>1273.22</ele>
      </trkpt>
      <trkpt lat="-6.627503" lon="106.961023">
        <ele>1271.79</ele>
      </trkpt>
      <trkpt lat="-6.627605" lon="106.96079">
        <ele>1279.09</ele>
      </trkpt>
      <trkpt lat="-6.62761" lon="106.96078">
        <ele>1279.42</ele>
      </trkpt>
      <trkpt lat="-6.627557" lon="106.960702">
        <ele>1278.4</ele>
      </trkpt>
      <trkpt lat="-6.627361" lon="106.960578">
        <ele>1273.82</ele>
      </trkpt>
      <trkpt lat="-6.627347" lon="106.960283">
        <ele>1278.19</ele>
      </trkpt>
      <trkpt lat="-6.627286" lon="106.960131">
        <ele>1280.07</ele>
      </trkpt>
      <trkpt lat="-6.627149" lon="106.960021">
        <ele>1278.4</ele>
      </trkpt>
      <trkpt lat="-6.626894" lon="106.959973">
        <ele>1274.55</ele>
      </trkpt>
      <trkpt lat="-6.626758" lon="106.959826">
        <ele>1277.83</ele>
      </trkpt>
      <trkpt lat="-6.626597" lon="106.959811">
        <ele>1277</ele>
      </trkpt>
      <trkpt lat="-6.626437" lon="106.959817">
        <ele>1276.04</ele>
      </trkpt>
      <trkpt lat="-6.626303" lon="106.959766">
        <ele>1276.61</ele>
      </trkpt>
      <trkpt lat="-6.626193" lon="106.959643">
        <ele>1277.24</ele>
      </trkpt>
      <trkpt lat="-6.626053" lon="106.959513">
        <ele>1277.1</ele>
      </trkpt>
      <trkpt lat="-6.626005" lon="106.959342">
        <ele>1273.54</ele>
      </trkpt>
      <trkpt lat="-6.626012" lon="106.958945">
        <ele>1265.42</ele>
      </trkpt>
      <trkpt lat="-6.626077" lon="106.958531">
        <ele>1256.26</ele>
      </trkpt>
      <trkpt lat="-6.626056" lon="106.958316">
        <ele>1250.62</ele>
      </trkpt>
      <trkpt lat="-6.626012" lon="106.958124">
        <ele>1246.86</ele>
      </trkpt>
      <trkpt lat="-6.625997" lon="106.957972">
        <ele>1244.21</ele>
      </trkpt>
      <trkpt lat="-6.626001" lon="106.957848">
        <ele>1242.03</ele>
      </trkpt>
      <trkpt lat="-6.626023" lon="106.957693">
        <ele>1239.31</ele>
      </trkpt>
      <trkpt lat="-6.626184" lon="106.957515">
        <ele>1234.98</ele>
      </trkpt>
      <trkpt lat="-6.626336" lon="106.957382">
        <ele>1231.9</ele>
      </trkpt>
      <trkpt lat="-6.626405" lon="106.957004">
        <ele>1224.16</ele>
      </trkpt>
      <trkpt lat="-6.626417" lon="106.956899">
        <ele>1220.9</ele>
      </trkpt>
      <trkpt lat="-6.626477" lon="106.956781">
        <ele>1217.07</ele>
      </trkpt>
      <trkpt lat="-6.626554" lon="106.956728">
        <ele>1214.86</ele>
      </trkpt>
      <trkpt lat="-6.62685" lon="106.956728">
        <ele>1215.18</ele>
      </trkpt>
      <trkpt lat="-6.626862" lon="106.956647">
        <ele>1213.43</ele>
      </trkpt>
      <trkpt lat="-6.6268" lon="106.956589">
        <ele>1211.39</ele>
      </trkpt>
      <trkpt lat="-6.626737" lon="106.956482">
        <ele>1208.63</ele>
      </trkpt>
      <trkpt lat="-6.626604" lon="106.956145">
        <ele>1202.68</ele>
      </trkpt>
      <trkpt lat="-6.626637" lon="106.955808">
        <ele>1197.07</ele>
      </trkpt>
      <trkpt lat="-6.626648" lon="106.955778">
        <ele>1196.41</ele>
      </trkpt>
      <trkpt lat="-6.626648470580644" lon="106.95577803952818">
        <ele>1196.4023094523764</ele>
      </trkpt>
      <trkpt lat="-6.626648" lon="106.955778">
        <ele>1196.41</ele>
      </trkpt>
      <trkpt lat="-6.626704" lon="106.955633">
        <ele>1193.17</ele>
      </trkpt>
      <trkpt lat="-6.626808" lon="106.955541">
        <ele>1190.78</ele>
      </trkpt>
      <trkpt lat="-6.626936" lon="106.955469">
        <ele>1188.29</ele>
      </trkpt>
      <trkpt lat="-6.627062" lon="106.955295">
        <ele>1180.93</ele>
      </trkpt>
      <trkpt lat="-6.627138" lon="106.955147">
        <ele>1174.51</ele>
      </trkpt>
      <trkpt lat="-6.62721" lon="106.95512">
        <ele>1173.67</ele>
      </trkpt>
      <trkpt lat="-6.62729" lon="106.955126">
        <ele>1174.31</ele>
      </trkpt>
      <trkpt lat="-6.627413" lon="106.955077">
        <ele>1171.91</ele>
      </trkpt>
      <trkpt lat="-6.627546" lon="106.955099">
        <ele>1172.68</ele>
      </trkpt>
      <trkpt lat="-6.627725" lon="106.955069">
        <ele>1170.74</ele>
      </trkpt>
      <trkpt lat="-6.627946" lon="106.955048">
        <ele>1168.41</ele>
      </trkpt>
      <trkpt lat="-6.62814" lon="106.955064">
        <ele>1168.95</ele>
      </trkpt>
      <trkpt lat="-6.628335" lon="106.955048">
        <ele>1167.88</ele>
      </trkpt>
      <trkpt lat="-6.628437" lon="106.95497">
        <ele>1164.75</ele>
      </trkpt>
      <trkpt lat="-6.628543" lon="106.954729">
        <ele>1159.54</ele>
      </trkpt>
      <trkpt lat="-6.628654" lon="106.954665">
        <ele>1159.17</ele>
      </trkpt>
      <trkpt lat="-6.628658" lon="106.954656">
        <ele>1159.03</ele>
      </trkpt>
      <trkpt lat="-6.628755" lon="106.954461">
        <ele>1155.96</ele>
      </trkpt>
      <trkpt lat="-6.62888" lon="106.954276">
        <ele>1152.83</ele>
      </trkpt>
      <trkpt lat="-6.628917" lon="106.954167">
        <ele>1151.65</ele>
      </trkpt>
      <trkpt lat="-6.628868" lon="106.953904">
        <ele>1149.5</ele>
      </trkpt>
      <trkpt lat="-6.628888" lon="106.953736">
        <ele>1147.77</ele>
      </trkpt>
      <trkpt lat="-6.628766" lon="106.953439">
        <ele>1146.24</ele>
      </trkpt>
      <trkpt lat="-6.628529" lon="106.953094">
        <ele>1146.79</ele>
      </trkpt>
      <trkpt lat="-6.628555" lon="106.952929">
        <ele>1147.86</ele>
      </trkpt>
      <trkpt lat="-6.628609" lon="106.952708">
        <ele>1147.29</ele>
      </trkpt>
      <trkpt lat="-6.628755" lon="106.952496">
        <ele>1147.99</ele>
      </trkpt>
      <trkpt lat="-6.62881687444802" lon="106.9525484367087">
        <ele>1148.0115498163311</ele>
      </trkpt>
      <trkpt lat="-6.62881687444802" lon="106.9525484367087">
        <ele>1148.0115498163311</ele>
      </trkpt>
      <trkpt lat="-6.62846366524086" lon="106.95282858458182">
        <ele>1147.31874148536</ele>
      </trkpt>
      <trkpt lat="-6.628110456033699" lon="106.95310873245495">
        <ele>1144.3926484062104</ele>
      </trkpt>
      <trkpt lat="-6.627757246826539" lon="106.95338888032808">
        <ele>1139.433784617344</ele>
      </trkpt>
      <trkpt lat="-6.627404037619378" lon="106.9536690282012">
        <ele>1138.173788694794</ele>
      </trkpt>
      <trkpt lat="-6.627050828412218" lon="106.95394917607433">
        <ele>1141.0003750174074</ele>
      </trkpt>
      <trkpt lat="-6.626697619205057" lon="106.95422932394746">
        <ele>1147.1800500679528</ele>
      </trkpt>
      <trkpt lat="-6.6263444099978965" lon="106.95450947182057">
        <ele>1157.4826504773187</ele>
      </trkpt>
      <trkpt lat="-6.625991200790736" lon="106.9547896196937">
        <ele>1165.635541002473</ele>
      </trkpt>
      <trkpt lat="-6.6256379915835755" lon="106.95506976756683">
        <ele>1169.38178487521</ele>
      </trkpt>
      <trkpt lat="-6.625387443839642" lon="106.95526848950317">
        <ele>1178.7437863549148</ele>
      </trkpt>
      <trkpt lat="-6.6249769530872555" lon="106.95508370353492">
        <ele>1184.7760806509586</ele>
      </trkpt>
      <trkpt lat="-6.624566462334868" lon="106.95489891756667">
        <ele>1192.5324119823053</ele>
      </trkpt>
      <trkpt lat="-6.624155971582481" lon="106.95471413159842">
        <ele>1196.9005698184644</ele>
      </trkpt>
      <trkpt lat="-6.6237454808300935" lon="106.95452934563018">
        <ele>1192.6930874459213</ele>
      </trkpt>
      <trkpt lat="-6.623334990077707" lon="106.95434455966193">
        <ele>1167.067551289533</ele>
      </trkpt>
      <trkpt lat="-6.622924499325319" lon="106.95415977369368">
        <ele>1134.0981040195109</ele>
      </trkpt>
      <trkpt lat="-6.622514008572932" lon="106.95397498772543">
        <ele>1123.1836824433415</ele>
      </trkpt>
      <trkpt lat="-6.622103517820545" lon="106.95379020175719">
        <ele>1128.3682076365221</ele>
      </trkpt>
      <trkpt lat="-6.621693027068158" lon="106.95360541578893">
        <ele>1134.0880798866674</ele>
      </trkpt>
      <trkpt lat="-6.62128253631577" lon="106.95342062982068">
        <ele>1125.6415546385801</ele>
      </trkpt>
      <trkpt lat="-6.620872045563384" lon="106.95323584385244">
        <ele>1112.9932803150475</ele>
      </trkpt>
      <trkpt lat="-6.620786182826279" lon="106.9531971919975">
        <ele>1112.7438506759088</ele>
      </trkpt>
      <trkpt lat="-6.620786182826279" lon="106.9531971919975">
        <ele>1112.7438506759088</ele>
      </trkpt>
      <trkpt lat="-6.620759" lon="106.953183">
        <ele>1113.47</ele>
      </trkpt>
      <trkpt lat="-6.620929" lon="106.95286">
        <ele>1097.72</ele>
      </trkpt>
      <trkpt lat="-6.620909" lon="106.952728">
        <ele>1095.12</ele>
      </trkpt>
      <trkpt lat="-6.620815" lon="106.952539">
        <ele>1094.24</ele>
      </trkpt>
      <trkpt lat="-6.620721" lon="106.95235">
        <ele>1090.47</ele>
      </trkpt>
      <trkpt lat="-6.62066" lon="106.952164">
        <ele>1082.39</ele>
      </trkpt>
      <trkpt lat="-6.620432" lon="106.952072">
        <ele>1078.29</ele>
      </trkpt>
      <trkpt lat="-6.620133" lon="106.952042">
        <ele>1073.02</ele>
      </trkpt>
      <trkpt lat="-6.619872" lon="106.951961">
        <ele>1062.34</ele>
      </trkpt>
      <trkpt lat="-6.619563" lon="106.951971">
        <ele>1058.2</ele>
      </trkpt>
      <trkpt lat="-6.619358" lon="106.951883">
        <ele>1051.75</ele>
      </trkpt>
      <trkpt lat="-6.619089" lon="106.951697">
        <ele>1043.75</ele>
      </trkpt>
      <trkpt lat="-6.618801" lon="106.951591">
        <ele>1041.56</ele>
      </trkpt>
      <trkpt lat="-6.618512" lon="106.951484">
        <ele>1035.27</ele>
      </trkpt>
      <trkpt lat="-6.618277" lon="106.951569">
        <ele>1037.97</ele>
      </trkpt>
      <trkpt lat="-6.617811" lon="106.951721">
        <ele>1033.81</ele>
      </trkpt>
      <trkpt lat="-6.617594" lon="106.95174">
        <ele>1029.89</ele>
      </trkpt>
      <trkpt lat="-6.617377" lon="106.951758">
        <ele>1021.58</ele>
      </trkpt>
      <trkpt lat="-6.61728" lon="106.951836">
        <ele>1019.1</ele>
      </trkpt>
      <trkpt lat="-6.617176" lon="106.952231">
        <ele>1021.55</ele>
      </trkpt>
      <trkpt lat="-6.616965" lon="106.952492">
        <ele>1020.89</ele>
      </trkpt>
      <trkpt lat="-6.616867" lon="106.952441">
        <ele>1020.22</ele>
      </trkpt>
      <trkpt lat="-6.616848" lon="106.952376">
        <ele>1018.4</ele>
      </trkpt>
      <trkpt lat="-6.616807" lon="106.952238">
        <ele>1014.56</ele>
      </trkpt>
      <trkpt lat="-6.616552" lon="106.952032">
        <ele>1019.74</ele>
      </trkpt>
      <trkpt lat="-6.616223" lon="106.951859">
        <ele>1026.95</ele>
      </trkpt>
      <trkpt lat="-6.615975" lon="106.951888">
        <ele>1032.59</ele>
      </trkpt>
      <trkpt lat="-6.615658" lon="106.952025">
        <ele>1039.92</ele>
      </trkpt>
      <trkpt lat="-6.615386" lon="106.952132">
        <ele>1041.05</ele>
      </trkpt>
      <trkpt lat="-6.615117" lon="106.952148">
        <ele>1042.49</ele>
      </trkpt>
      <trkpt lat="-6.615026" lon="106.952009">
        <ele>1039.25</ele>
      </trkpt>
      <trkpt lat="-6.614992" lon="106.951843">
        <ele>1034.59</ele>
      </trkpt>
      <trkpt lat="-6.614853" lon="106.95176">
        <ele>1036.49</ele>
      </trkpt>
      <trkpt lat="-6.614779" lon="106.951652">
        <ele>1037.3</ele>
      </trkpt>
      <trkpt lat="-6.614773" lon="106.951301">
        <ele>1031.52</ele>
      </trkpt>
      <trkpt lat="-6.614675" lon="106.951196">
        <ele>1029.33</ele>
      </trkpt>
      <trkpt lat="-6.614195" lon="106.951062">
        <ele>1018.19</ele>
      </trkpt>
      <trkpt lat="-6.61397" lon="106.950978">
        <ele>1010.65</ele>
      </trkpt>
      <trkpt lat="-6.613658" lon="106.951005">
        <ele>1010.06</ele>
      </trkpt>
      <trkpt lat="-6.613359" lon="106.950954">
        <ele>1005.74</ele>
      </trkpt>
      <trkpt lat="-6.613104" lon="106.950825">
        <ele>1002.5</ele>
      </trkpt>
      <trkpt lat="-6.61293" lon="106.950724">
        <ele>1001.22</ele>
      </trkpt>
      <trkpt lat="-6.612641" lon="106.950697">
        <ele>1009.39</ele>
      </trkpt>
      <trkpt lat="-6.612349" lon="106.950481">
        <ele>1006.91</ele>
      </trkpt>
      <trkpt lat="-6.612159" lon="106.950351">
        <ele>1004.62</ele>
      </trkpt>
      <trkpt lat="-6.61197" lon="106.950221">
        <ele>999.8</ele>
      </trkpt>
      <trkpt lat="-6.611453" lon="106.949761">
        <ele>977.59</ele>
      </trkpt>
      <trkpt lat="-6.611261" lon="106.94954">
        <ele>969.25</ele>
      </trkpt>
      <trkpt lat="-6.610879" lon="106.949102">
        <ele>957.01</ele>
      </trkpt>
      <trkpt lat="-6.610469" lon="106.948872">
        <ele>949.81</ele>
      </trkpt>
      <trkpt lat="-6.610016" lon="106.948595">
        <ele>948.63</ele>
      </trkpt>
      <trkpt lat="-6.609707" lon="106.948487">
        <ele>948.07</ele>
      </trkpt>
      <trkpt lat="-6.609437" lon="106.94843">
        <ele>942.81</ele>
      </trkpt>
      <trkpt lat="-6.609167" lon="106.948372">
        <ele>933.3</ele>
      </trkpt>
      <trkpt lat="-6.608918" lon="106.948323">
        <ele>928.07</ele>
      </trkpt>
      <trkpt lat="-6.608746" lon="106.948289">
        <ele>928.29</ele>
      </trkpt>
      <trkpt lat="-6.60867" lon="106.948274">
        <ele>928.39</ele>
      </trkpt>
      <trkpt lat="-6.608525" lon="106.948332">
        <ele>927.43</ele>
      </trkpt>
      <trkpt lat="-6.608475" lon="106.94849">
        <ele>923.98</ele>
      </trkpt>
      <trkpt lat="-6.608341" lon="106.948551">
        <ele>920.71</ele>
      </trkpt>
      <trkpt lat="-6.607898" lon="106.948673">
        <ele>911.58</ele>
      </trkpt>
      <trkpt lat="-6.607491" lon="106.948838">
        <ele>906.08</ele>
      </trkpt>
      <trkpt lat="-6.607179" lon="106.948876">
        <ele>907.24</ele>
      </trkpt>
      <trkpt lat="-6.607025" lon="106.948865">
        <ele>908.55</ele>
      </trkpt>
      <trkpt lat="-6.606417" lon="106.948896">
        <ele>911.73</ele>
      </trkpt>
      <trkpt lat="-6.606035" lon="106.948825">
        <ele>912.62</ele>
      </trkpt>
      <trkpt lat="-6.605531" lon="106.94872">
        <ele>919.19</ele>
      </trkpt>
      <trkpt lat="-6.604957" lon="106.948578">
        <ele>924.23</ele>
      </trkpt>
      <trkpt lat="-6.604625" lon="106.948558">
        <ele>925.06</ele>
      </trkpt>
      <trkpt lat="-6.604467" lon="106.948659">
        <ele>924.44</ele>
      </trkpt>
      <trkpt lat="-6.604322" lon="106.948818">
        <ele>923.54</ele>
      </trkpt>
      <trkpt lat="-6.604128" lon="106.948879">
        <ele>920.6</ele>
      </trkpt>
      <trkpt lat="-6.603829" lon="106.948889">
        <ele>916.84</ele>
      </trkpt>
      <trkpt lat="-6.603607" lon="106.948771">
        <ele>912.31</ele>
      </trkpt>
      <trkpt lat="-6.603289" lon="106.948707">
        <ele>907.1</ele>
      </trkpt>
      <trkpt lat="-6.603089" lon="106.948762">
        <ele>906.5</ele>
      </trkpt>
      <trkpt lat="-6.602889" lon="106.948818">
        <ele>902.7</ele>
      </trkpt>
      <trkpt lat="-6.602493" lon="106.949031">
        <ele>884.29</ele>
      </trkpt>
      <trkpt lat="-6.602218" lon="106.949244">
        <ele>870.7</ele>
      </trkpt>
      <trkpt lat="-6.601899" lon="106.949376">
        <ele>856.15</ele>
      </trkpt>
      <trkpt lat="-6.601684" lon="106.949401">
        <ele>850.09</ele>
      </trkpt>
      <trkpt lat="-6.601469" lon="106.949426">
        <ele>847.59</ele>
      </trkpt>
      <trkpt lat="-6.601023" lon="106.94947">
        <ele>845.74</ele>
      </trkpt>
      <trkpt lat="-6.600734" lon="106.949372">
        <ele>841.65</ele>
      </trkpt>
      <trkpt lat="-6.60046" lon="106.949306">
        <ele>838.05</ele>
      </trkpt>
      <trkpt lat="-6.600187" lon="106.949241">
        <ele>830.94</ele>
      </trkpt>
      <trkpt lat="-6.600005026661705" lon="106.9492336866507">
        <ele>827.2101918619105</ele>
      </trkpt>
      <trkpt lat="-6.600005026661705" lon="106.9492336866507">
        <ele>828.6246351459995</ele>
      </trkpt>
      <trkpt lat="-6.59956192079621" lon="106.94915668146525">
        <ele>820.353159624734</ele>
      </trkpt>
      <trkpt lat="-6.5992821424243715" lon="106.94910806016031">
        <ele>811.3071921850787</ele>
      </trkpt>
      <trkpt lat="-6.5992821424243715" lon="106.94910806016031">
        <ele>811.3071921850787</ele>
      </trkpt>
      <trkpt lat="-6.598903406513213" lon="106.94886405272902">
        <ele>798.5244545547985</ele>
      </trkpt>
      <trkpt lat="-6.598524670602056" lon="106.94862004529773">
        <ele>790.9009982898308</ele>
      </trkpt>
      <trkpt lat="-6.598145934690898" lon="106.94837603786644">
        <ele>777.7582970302694</ele>
      </trkpt>
      <trkpt lat="-6.598076516649641" lon="106.94833131404323">
        <ele>774.5803322418434</ele>
      </trkpt>
      <trkpt lat="-6.598076516649641" lon="106.94833131404323">
        <ele>774.5803322418434</ele>
      </trkpt>
      <trkpt lat="-6.598156891793096" lon="106.94797530540717">
        <ele>750.0932830144164</ele>
      </trkpt>
      <trkpt lat="-6.598156891793096" lon="106.94797530540717">
        <ele>750.0932830144164</ele>
      </trkpt>
      <trkpt lat="-6.598027682889539" lon="106.94754173737462">
        <ele>720.3422192378699</ele>
      </trkpt>
      <trkpt lat="-6.598012216525518" lon="106.94748983908562">
        <ele>716.5126327624104</ele>
      </trkpt>
      <trkpt lat="-6.597585631421166" lon="106.94734669606927">
        <ele>704.0963680614716</ele>
      </trkpt>
      <trkpt lat="-6.597385289882155" lon="106.94727947034596">
        <ele>694.6178909589071</ele>
      </trkpt>
      <trkpt lat="-6.597385289882155" lon="106.94727947034596">
        <ele>694.6178909589071</ele>
      </trkpt>
      <trkpt lat="-6.597162195956839" lon="106.9468864535501">
        <ele>661.1558504468443</ele>
      </trkpt>
      <trkpt lat="-6.597063788730907" lon="106.9467130929686">
        <ele>651.2710249718511</ele>
      </trkpt>
      <trkpt lat="-6.597063788730907" lon="106.9467130929686">
        <ele>651.2710249718511</ele>
      </trkpt>
      <trkpt lat="-6.597063788730907" lon="106.9467130929686">
        <ele>651.2710249718511</ele>
      </trkpt>
      <trkpt lat="-6.596631429697597" lon="106.94658873847885">
        <ele>641.5278712852777</ele>
      </trkpt>
      <trkpt lat="-6.59661368676943" lon="106.9465836352831">
        <ele>641.027855563749</ele>
      </trkpt>
      <trkpt lat="-6.59661368676943" lon="106.9465836352831">
        <ele>641.027855563749</ele>
      </trkpt>
      <trkpt lat="-6.596351576307978" lon="106.9462158343763">
        <ele>620.2556924071257</ele>
      </trkpt>
      <trkpt lat="-6.596089465846526" lon="106.9458480334695">
        <ele>606.994760459711</ele>
      </trkpt>
      <trkpt lat="-6.596083208934488" lon="106.94583925359132">
        <ele>606.7292393058001</ele>
      </trkpt>
      <trkpt lat="-6.595974150320339" lon="106.94540011235259">
        <ele>599.1472185638091</ele>
      </trkpt>
      <trkpt lat="-6.59595460816044" lon="106.94532142284811">
        <ele>596.5569904086879</ele>
      </trkpt>
      <trkpt lat="-6.59595460816044" lon="106.94532142284811">
        <ele>596.5569904086879</ele>
      </trkpt>
      <trkpt lat="-6.596034983647343" lon="106.94494923199613">
        <ele>589.2163135049532</ele>
      </trkpt>
      <trkpt lat="-6.596034983647343" lon="106.94494923199613">
        <ele>589.2163135049532</ele>
      </trkpt>
      <trkpt lat="-6.596034983647343" lon="106.94494923199613">
        <ele>589.2163135049532</ele>
      </trkpt>
      <trkpt lat="-6.595833889500257" lon="106.94454436392982">
        <ele>578.8548883414863</ele>
      </trkpt>
      <trkpt lat="-6.595633106082204" lon="106.94414012146234">
        <ele>577.9834646861368</ele>
      </trkpt>
      <trkpt lat="-6.595633106082204" lon="106.94414012146234">
        <ele>577.9834646861368</ele>
      </trkpt>
      <trkpt lat="-6.595213860326508" lon="106.94397647381238">
        <ele>572.7326310266508</ele>
      </trkpt>
      <trkpt lat="-6.5948454251063" lon="106.94383265945737">
        <ele>569.2348349497188</ele>
      </trkpt>
      <trkpt lat="-6.594527467342476" lon="106.94351258393077">
        <ele>573.3915682756342</ele>
      </trkpt>
      <trkpt lat="-6.594395321129852" lon="106.94337955755617">
        <ele>571.9563796342784</ele>
      </trkpt>
      <trkpt lat="-6.594395321129852" lon="106.94337955755617">
        <ele>571.9563796342784</ele>
      </trkpt>
      <trkpt lat="-6.594331729577368" lon="106.9429314520805">
        <ele>572.1183127753583</ele>
      </trkpt>
      <trkpt lat="-6.594268138024883" lon="106.94248334660483">
        <ele>560.5646951179953</ele>
      </trkpt>
      <trkpt lat="-6.594266719919204" lon="106.94247335375366">
        <ele>560.2570000682027</ele>
      </trkpt>
      <trkpt lat="-6.594266719919204" lon="106.94247335375366">
        <ele>560.2570000682027</ele>
      </trkpt>
      <trkpt lat="-6.594266719919204" lon="106.94247335375366">
        <ele>560.2570000682027</ele>
      </trkpt>
      <trkpt lat="-6.594411396278943" lon="106.94231153164645">
        <ele>557.8054828309862</ele>
      </trkpt>
      <trkpt lat="-6.594411396278943" lon="106.94231153164645">
        <ele>557.8054828309862</ele>
      </trkpt>
      <trkpt lat="-6.594627374639371" lon="106.94191450952233">
        <ele>557.4729656090494</ele>
      </trkpt>
      <trkpt lat="-6.594781124562843" lon="106.94163187879451">
        <ele>560.9265715846682</ele>
      </trkpt>
      <trkpt lat="-6.594624155281677" lon="106.94120769986428">
        <ele>555.2388316052966</ele>
      </trkpt>
      <trkpt lat="-6.59446718600051" lon="106.94078352093405">
        <ele>546.8412667241947</ele>
      </trkpt>
      <trkpt lat="-6.594310216719344" lon="106.94035934200383">
        <ele>539.9606690905681</ele>
      </trkpt>
      <trkpt lat="-6.594153247438178" lon="106.9399351630736">
        <ele>535.8455233374843</ele>
      </trkpt>
      <trkpt lat="-6.593996278157012" lon="106.93951098414337">
        <ele>526.2031648850228</ele>
      </trkpt>
      <trkpt lat="-6.593839308875845" lon="106.93908680521314">
        <ele>518.1504652382573</ele>
      </trkpt>
      <trkpt lat="-6.593769102138282" lon="106.93889708516974">
        <ele>516.8929630729835</ele>
      </trkpt>
      <trkpt lat="-6.593769102138282" lon="106.93889708516974">
        <ele>516.8929630729835</ele>
      </trkpt>
      <trkpt lat="-6.593698" lon="106.93876">
        <ele>517.58</ele>
      </trkpt>
      <trkpt lat="-6.593718" lon="106.93868">
        <ele>518.61</ele>
      </trkpt>
      <trkpt lat="-6.593794" lon="106.938507">
        <ele>520.28</ele>
      </trkpt>
      <trkpt lat="-6.593825" lon="106.938413">
        <ele>520.92</ele>
      </trkpt>
      <trkpt lat="-6.593854" lon="106.938318">
        <ele>521.62</ele>
      </trkpt>
      <trkpt lat="-6.593898" lon="106.938095">
        <ele>523.38</ele>
      </trkpt>
      <trkpt lat="-6.593866" lon="106.937915">
        <ele>522.74</ele>
      </trkpt>
      <trkpt lat="-6.593878" lon="106.937747">
        <ele>523.03</ele>
      </trkpt>
      <trkpt lat="-6.593862" lon="106.937727">
        <ele>522.66</ele>
      </trkpt>
      <trkpt lat="-6.593855" lon="106.937638">
        <ele>522.48</ele>
      </trkpt>
      <trkpt lat="-6.593857" lon="106.937576">
        <ele>522.74</ele>
      </trkpt>
      <trkpt lat="-6.593912" lon="106.937412">
        <ele>525.23</ele>
      </trkpt>
      <trkpt lat="-6.5939" lon="106.937367">
        <ele>525.74</ele>
      </trkpt>
      <trkpt lat="-6.593757" lon="106.937233">
        <ele>525.53</ele>
      </trkpt>
      <trkpt lat="-6.59373" lon="106.937194">
        <ele>525.76</ele>
      </trkpt>
      <trkpt lat="-6.593684" lon="106.937075">
        <ele>526.88</ele>
      </trkpt>
      <trkpt lat="-6.593611" lon="106.936962">
        <ele>526.76</ele>
      </trkpt>
      <trkpt lat="-6.59335" lon="106.936675">
        <ele>522.43</ele>
      </trkpt>
      <trkpt lat="-6.593164" lon="106.936488">
        <ele>519.17</ele>
      </trkpt>
      <trkpt lat="-6.593095" lon="106.936398">
        <ele>518.17</ele>
      </trkpt>
      <trkpt lat="-6.593073" lon="106.936352">
        <ele>517.85</ele>
      </trkpt>
      <trkpt lat="-6.593049" lon="106.936252">
        <ele>517.8</ele>
      </trkpt>
      <trkpt lat="-6.593058" lon="106.935981">
        <ele>519.31</ele>
      </trkpt>
      <trkpt lat="-6.593047" lon="106.935921">
        <ele>519.29</ele>
      </trkpt>
      <trkpt lat="-6.593011" lon="106.935813">
        <ele>518.79</ele>
      </trkpt>
      <trkpt lat="-6.592931" lon="106.935636">
        <ele>517.25</ele>
      </trkpt>
      <trkpt lat="-6.592895" lon="106.935628">
        <ele>516.88</ele>
      </trkpt>
      <trkpt lat="-6.592849" lon="106.935574">
        <ele>516.17</ele>
      </trkpt>
      <trkpt lat="-6.592789" lon="106.935526">
        <ele>515.7</ele>
      </trkpt>
      <trkpt lat="-6.592679" lon="106.935485">
        <ele>514.99</ele>
      </trkpt>
      <trkpt lat="-6.592464" lon="106.935474">
        <ele>515.3</ele>
      </trkpt>
      <trkpt lat="-6.592369" lon="106.935484">
        <ele>515.6</ele>
      </trkpt>
      <trkpt lat="-6.592264" lon="106.935457">
        <ele>515.28</ele>
      </trkpt>
      <trkpt lat="-6.592246" lon="106.935445">
        <ele>515.19</ele>
      </trkpt>
      <trkpt lat="-6.592201" lon="106.935391">
        <ele>515.02</ele>
      </trkpt>
      <trkpt lat="-6.592071" lon="106.935161">
        <ele>511.5</ele>
      </trkpt>
      <trkpt lat="-6.592028" lon="106.935098">
        <ele>511.09</ele>
      </trkpt>
      <trkpt lat="-6.591964" lon="106.935047">
        <ele>511.07</ele>
      </trkpt>
      <trkpt lat="-6.591855" lon="106.934995">
        <ele>510.91</ele>
      </trkpt>
      <trkpt lat="-6.591811" lon="106.934958">
        <ele>510.84</ele>
      </trkpt>
      <trkpt lat="-6.591737" lon="106.934845">
        <ele>511.04</ele>
      </trkpt>
      <trkpt lat="-6.591711" lon="106.934763">
        <ele>511.55</ele>
      </trkpt>
      <trkpt lat="-6.591658" lon="106.93474">
        <ele>512.31</ele>
      </trkpt>
      <trkpt lat="-6.591596" lon="106.934681">
        <ele>513.06</ele>
      </trkpt>
      <trkpt lat="-6.591582" lon="106.934627">
        <ele>514.26</ele>
      </trkpt>
      <trkpt lat="-6.591612" lon="106.934565">
        <ele>515.41</ele>
      </trkpt>
      <trkpt lat="-6.591704" lon="106.93442">
        <ele>514.39</ele>
      </trkpt>
      <trkpt lat="-6.591733" lon="106.934331">
        <ele>513.39</ele>
      </trkpt>
      <trkpt lat="-6.591854" lon="106.934022">
        <ele>505.56</ele>
      </trkpt>
      <trkpt lat="-6.591869" lon="106.933682">
        <ele>502.92</ele>
      </trkpt>
      <trkpt lat="-6.591879" lon="106.933627">
        <ele>502.25</ele>
      </trkpt>
      <trkpt lat="-6.591887" lon="106.933608">
        <ele>501.82</ele>
      </trkpt>
      <trkpt lat="-6.592048" lon="106.933409">
        <ele>493.05</ele>
      </trkpt>
      <trkpt lat="-6.592084" lon="106.933352">
        <ele>490.91</ele>
      </trkpt>
      <trkpt lat="-6.592132" lon="106.933232">
        <ele>487.66</ele>
      </trkpt>
      <trkpt lat="-6.592144" lon="106.933167">
        <ele>486.62</ele>
      </trkpt>
      <trkpt lat="-6.59215" lon="106.933044">
        <ele>484.92</ele>
      </trkpt>
      <trkpt lat="-6.592149" lon="106.933007">
        <ele>484.57</ele>
      </trkpt>
      <trkpt lat="-6.592122" lon="106.932875">
        <ele>484.28</ele>
      </trkpt>
      <trkpt lat="-6.592209" lon="106.932712">
        <ele>477.83</ele>
      </trkpt>
      <trkpt lat="-6.592213" lon="106.932693">
        <ele>477.3</ele>
      </trkpt>
      <trkpt lat="-6.592212" lon="106.932615">
        <ele>475.61</ele>
      </trkpt>
      <trkpt lat="-6.592176" lon="106.932396">
        <ele>471.64</ele>
      </trkpt>
      <trkpt lat="-6.59217" lon="106.932277">
        <ele>469.01</ele>
      </trkpt>
      <trkpt lat="-6.592149" lon="106.932204">
        <ele>466.73</ele>
      </trkpt>
      <trkpt lat="-6.59201" lon="106.932007">
        <ele>462.66</ele>
      </trkpt>
      <trkpt lat="-6.59188" lon="106.93189">
        <ele>462.66</ele>
      </trkpt>
      <trkpt lat="-6.591862" lon="106.931841">
        <ele>462.44</ele>
      </trkpt>
      <trkpt lat="-6.59185" lon="106.931546">
        <ele>465.1</ele>
      </trkpt>
      <trkpt lat="-6.591862" lon="106.9313">
        <ele>473.7</ele>
      </trkpt>
      <trkpt lat="-6.591904" lon="106.931198">
        <ele>476.85</ele>
      </trkpt>
      <trkpt lat="-6.592035" lon="106.931034">
        <ele>480.44</ele>
      </trkpt>
      <trkpt lat="-6.592139" lon="106.930872">
        <ele>483.59</ele>
      </trkpt>
      <trkpt lat="-6.592166" lon="106.930757">
        <ele>486.17</ele>
      </trkpt>
      <trkpt lat="-6.592184" lon="106.930721">
        <ele>486.92</ele>
      </trkpt>
      <trkpt lat="-6.592213" lon="106.930695">
        <ele>487.09</ele>
      </trkpt>
      <trkpt lat="-6.592274" lon="106.930668">
        <ele>487.01</ele>
      </trkpt>
      <trkpt lat="-6.59241" lon="106.93063">
        <ele>487.02</ele>
      </trkpt>
      <trkpt lat="-6.59262" lon="106.930598">
        <ele>486.93</ele>
      </trkpt>
      <trkpt lat="-6.592656" lon="106.930585">
        <ele>486.92</ele>
      </trkpt>
      <trkpt lat="-6.592689" lon="106.930544">
        <ele>486.89</ele>
      </trkpt>
      <trkpt lat="-6.592717" lon="106.93047">
        <ele>486.29</ele>
      </trkpt>
      <trkpt lat="-6.59284" lon="106.930573">
        <ele>486.06</ele>
      </trkpt>
      <trkpt lat="-6.593008" lon="106.930739">
        <ele>485.99</ele>
      </trkpt>
      <trkpt lat="-6.593085" lon="106.930795">
        <ele>486.29</ele>
      </trkpt>
      <trkpt lat="-6.593216" lon="106.930865">
        <ele>487.97</ele>
      </trkpt>
      <trkpt lat="-6.593345" lon="106.930888">
        <ele>490.47</ele>
      </trkpt>
      <trkpt lat="-6.593495" lon="106.930997">
        <ele>495.74</ele>
      </trkpt>
      <trkpt lat="-6.593593" lon="106.931265">
        <ele>504.53</ele>
      </trkpt>
      <trkpt lat="-6.593664058383709" lon="106.93124143843306">
        <ele>510.5555845205864</ele>
      </trkpt>
      <trkpt lat="-6.593593" lon="106.931265">
        <ele>504.53</ele>
      </trkpt>
      <trkpt lat="-6.593658" lon="106.931463">
        <ele>510.39</ele>
      </trkpt>
      <trkpt lat="-6.593953" lon="106.931415">
        <ele>519.77</ele>
      </trkpt>
      <trkpt lat="-6.594248" lon="106.931366">
        <ele>525.09</ele>
      </trkpt>
      <trkpt lat="-6.594373" lon="106.93133">
        <ele>527.54</ele>
      </trkpt>
      <trkpt lat="-6.594531" lon="106.931334">
        <ele>531.38</ele>
      </trkpt>
      <trkpt lat="-6.594628" lon="106.931257">
        <ele>532.74</ele>
      </trkpt>
      <trkpt lat="-6.595233" lon="106.931362">
        <ele>544.31</ele>
      </trkpt>
      <trkpt lat="-6.595326" lon="106.93148">
        <ele>544.92</ele>
      </trkpt>
      <trkpt lat="-6.595504" lon="106.931468">
        <ele>545.43</ele>
      </trkpt>
      <trkpt lat="-6.595779" lon="106.931314">
        <ele>550.93</ele>
      </trkpt>
      <trkpt lat="-6.596041" lon="106.931291">
        <ele>554.11</ele>
      </trkpt>
      <trkpt lat="-6.596304" lon="106.931269">
        <ele>555.17</ele>
      </trkpt>
      <trkpt lat="-6.59638" lon="106.931167">
        <ele>555.48</ele>
      </trkpt>
      <trkpt lat="-6.596835" lon="106.931005">
        <ele>556.83</ele>
      </trkpt>
      <trkpt lat="-6.597063" lon="106.930923">
        <ele>560.02</ele>
      </trkpt>
      <trkpt lat="-6.597422" lon="106.930854">
        <ele>568.53</ele>
      </trkpt>
      <trkpt lat="-6.597528" lon="106.930917">
        <ele>572.99</ele>
      </trkpt>
      <trkpt lat="-6.597643" lon="106.930962">
        <ele>576.95</ele>
      </trkpt>
      <trkpt lat="-6.597715" lon="106.930963">
        <ele>579.06</ele>
      </trkpt>
      <trkpt lat="-6.597735" lon="106.931012">
        <ele>580.21</ele>
      </trkpt>
      <trkpt lat="-6.597814" lon="106.931058">
        <ele>583.1</ele>
      </trkpt>
      <trkpt lat="-6.598028" lon="106.931038">
        <ele>591</ele>
      </trkpt>
      <trkpt lat="-6.598033" lon="106.931055">
        <ele>591.23</ele>
      </trkpt>
      <trkpt lat="-6.598013" lon="106.931099">
        <ele>589.73</ele>
      </trkpt>
      <trkpt lat="-6.598063" lon="106.931119">
        <ele>591.12</ele>
      </trkpt>
      <trkpt lat="-6.59842" lon="106.930988">
        <ele>608</ele>
      </trkpt>
      <trkpt lat="-6.598516" lon="106.930932">
        <ele>612.46</ele>
      </trkpt>
      <trkpt lat="-6.598562" lon="106.930857">
        <ele>613.88</ele>
      </trkpt>
      <trkpt lat="-6.59874" lon="106.930821">
        <ele>615.96</ele>
      </trkpt>
      <trkpt lat="-6.598898" lon="106.930842">
        <ele>616.59</ele>
      </trkpt>
      <trkpt lat="-6.599085" lon="106.930851">
        <ele>617.61</ele>
      </trkpt>
      <trkpt lat="-6.599237" lon="106.93077">
        <ele>619.95</ele>
      </trkpt>
      <trkpt lat="-6.599444" lon="106.93078">
        <ele>623.36</ele>
      </trkpt>
      <trkpt lat="-6.599564" lon="106.93068">
        <ele>627.84</ele>
      </trkpt>
      <trkpt lat="-6.599658" lon="106.930657">
        <ele>630.43</ele>
      </trkpt>
      <trkpt lat="-6.59973" lon="106.93049">
        <ele>634.87</ele>
      </trkpt>
      <trkpt lat="-6.600075" lon="106.930436">
        <ele>641.42</ele>
      </trkpt>
      <trkpt lat="-6.60067" lon="106.930174">
        <ele>660.04</ele>
      </trkpt>
      <trkpt lat="-6.600794" lon="106.930002">
        <ele>665.07</ele>
      </trkpt>
      <trkpt lat="-6.60099" lon="106.929886">
        <ele>669.61</ele>
      </trkpt>
      <trkpt lat="-6.601384" lon="106.92984">
        <ele>681.48</ele>
      </trkpt>
      <trkpt lat="-6.601583" lon="106.929803">
        <ele>686.65</ele>
      </trkpt>
      <trkpt lat="-6.601661" lon="106.929745">
        <ele>688.62</ele>
      </trkpt>
      <trkpt lat="-6.601866" lon="106.929747">
        <ele>691.38</ele>
      </trkpt>
      <trkpt lat="-6.601981" lon="106.929719">
        <ele>693.24</ele>
      </trkpt>
      <trkpt lat="-6.602182" lon="106.929573">
        <ele>697.18</ele>
      </trkpt>
      <trkpt lat="-6.602223" lon="106.929571">
        <ele>697.8</ele>
      </trkpt>
      <trkpt lat="-6.602394" lon="106.929467">
        <ele>700.93</ele>
      </trkpt>
      <trkpt lat="-6.60255" lon="106.929327">
        <ele>703.95</ele>
      </trkpt>
      <trkpt lat="-6.602758" lon="106.929295">
        <ele>709.56</ele>
      </trkpt>
      <trkpt lat="-6.602993" lon="106.929235">
        <ele>717.92</ele>
      </trkpt>
      <trkpt lat="-6.60309" lon="106.929174">
        <ele>721.46</ele>
      </trkpt>
      <trkpt lat="-6.603285" lon="106.929135">
        <ele>730.42</ele>
      </trkpt>
      <trkpt lat="-6.603408" lon="106.929142">
        <ele>737.6</ele>
      </trkpt>
      <trkpt lat="-6.603567" lon="106.929012">
        <ele>745.44</ele>
      </trkpt>
      <trkpt lat="-6.6037" lon="106.92903">
        <ele>752.17</ele>
      </trkpt>
      <trkpt lat="-6.603825" lon="106.928984">
        <ele>757.25</ele>
      </trkpt>
      <trkpt lat="-6.603984" lon="106.928956">
        <ele>763.83</ele>
      </trkpt>
      <trkpt lat="-6.604244" lon="106.928803">
        <ele>770.78</ele>
      </trkpt>
      <trkpt lat="-6.604504" lon="106.92865">
        <ele>774.69</ele>
      </trkpt>
      <trkpt lat="-6.604569" lon="106.928573">
        <ele>776.04</ele>
      </trkpt>
      <trkpt lat="-6.604622" lon="106.928476">
        <ele>779.21</ele>
      </trkpt>
      <trkpt lat="-6.604656" lon="106.928388">
        <ele>781.46</ele>
      </trkpt>
      <trkpt lat="-6.604684" lon="106.928276">
        <ele>783.27</ele>
      </trkpt>
      <trkpt lat="-6.604807" lon="106.928185">
        <ele>786.43</ele>
      </trkpt>
      <trkpt lat="-6.60491" lon="106.92815">
        <ele>788.65</ele>
      </trkpt>
      <trkpt lat="-6.604963" lon="106.928103">
        <ele>789.54</ele>
      </trkpt>
      <trkpt lat="-6.605025" lon="106.928062">
        <ele>790.74</ele>
      </trkpt>
      <trkpt lat="-6.605128" lon="106.928019">
        <ele>793.39</ele>
      </trkpt>
      <trkpt lat="-6.605214" lon="106.927959">
        <ele>796.33</ele>
      </trkpt>
      <trkpt lat="-6.605287" lon="106.92788">
        <ele>800.06</ele>
      </trkpt>
      <trkpt lat="-6.605438" lon="106.927848">
        <ele>803.23</ele>
      </trkpt>
      <trkpt lat="-6.605524" lon="106.927819">
        <ele>804.84</ele>
      </trkpt>
      <trkpt lat="-6.605565" lon="106.927779">
        <ele>806.02</ele>
      </trkpt>
      <trkpt lat="-6.605561" lon="106.927644">
        <ele>810.78</ele>
      </trkpt>
      <trkpt lat="-6.605601" lon="106.927434">
        <ele>813.98</ele>
      </trkpt>
      <trkpt lat="-6.605704" lon="106.927303">
        <ele>814.87</ele>
      </trkpt>
      <trkpt lat="-6.605842" lon="106.927241">
        <ele>814.75</ele>
      </trkpt>
      <trkpt lat="-6.605968" lon="106.927198">
        <ele>815.68</ele>
      </trkpt>
      <trkpt lat="-6.606009" lon="106.927162">
        <ele>816.44</ele>
      </trkpt>
      <trkpt lat="-6.606078" lon="106.927076">
        <ele>816.42</ele>
      </trkpt>
      <trkpt lat="-6.60615" lon="106.926977">
        <ele>816.56</ele>
      </trkpt>
      <trkpt lat="-6.60621" lon="106.926876">
        <ele>816.32</ele>
      </trkpt>
      <trkpt lat="-6.606275" lon="106.926814">
        <ele>816.63</ele>
      </trkpt>
      <trkpt lat="-6.606452" lon="106.926683">
        <ele>821.23</ele>
      </trkpt>
      <trkpt lat="-6.606526" lon="106.926661">
        <ele>823.76</ele>
      </trkpt>
      <trkpt lat="-6.60665" lon="106.926667">
        <ele>827.38</ele>
      </trkpt>
      <trkpt lat="-6.606774636410661" lon="106.92665214267952">
        <ele>831.2263951913558</ele>
      </trkpt>
      <trkpt lat="-6.606775" lon="106.926652">
        <ele>831.22</ele>
      </trkpt>
      <trkpt lat="-6.606887" lon="106.926649">
        <ele>833.69</ele>
      </trkpt>
      <trkpt lat="-6.606946" lon="106.926657">
        <ele>833.83</ele>
      </trkpt>
      <trkpt lat="-6.607011" lon="106.926677">
        <ele>833.93</ele>
      </trkpt>
      <trkpt lat="-6.607151" lon="106.926744">
        <ele>832.41</ele>
      </trkpt>
      <trkpt lat="-6.607274" lon="106.926743">
        <ele>830.14</ele>
      </trkpt>
      <trkpt lat="-6.607225" lon="106.9267">
        <ele>831.34</ele>
      </trkpt>
      <trkpt lat="-6.607065" lon="106.92661">
        <ele>834.34</ele>
      </trkpt>
      <trkpt lat="-6.606927" lon="106.92651">
        <ele>834.92</ele>
      </trkpt>
      <trkpt lat="-6.606888" lon="106.926455">
        <ele>835.45</ele>
      </trkpt>
      <trkpt lat="-6.606834" lon="106.926298">
        <ele>833.74</ele>
      </trkpt>
      <trkpt lat="-6.606614" lon="106.926052">
        <ele>830.98</ele>
      </trkpt>
      <trkpt lat="-6.606565" lon="106.925893">
        <ele>830.65</ele>
      </trkpt>
      <trkpt lat="-6.606547" lon="106.925797">
        <ele>830.54</ele>
      </trkpt>
      <trkpt lat="-6.606571" lon="106.925707">
        <ele>829.26</ele>
      </trkpt>
      <trkpt lat="-6.606636" lon="106.925592">
        <ele>824.82</ele>
      </trkpt>
      <trkpt lat="-6.606548" lon="106.925443">
        <ele>823.4</ele>
      </trkpt>
      <trkpt lat="-6.606355" lon="106.92523">
        <ele>820.04</ele>
      </trkpt>
      <trkpt lat="-6.606231" lon="106.925145">
        <ele>817.77</ele>
      </trkpt>
      <trkpt lat="-6.60607" lon="106.925095">
        <ele>816.84</ele>
      </trkpt>
      <trkpt lat="-6.605687" lon="106.924788">
        <ele>813.4</ele>
      </trkpt>
      <trkpt lat="-6.60561" lon="106.924709">
        <ele>812.35</ele>
      </trkpt>
      <trkpt lat="-6.605548" lon="106.924573">
        <ele>807.76</ele>
      </trkpt>
      <trkpt lat="-6.6054" lon="106.924493">
        <ele>804.24</ele>
      </trkpt>
      <trkpt lat="-6.605304" lon="106.924477">
        <ele>802.78</ele>
      </trkpt>
      <trkpt lat="-6.605165" lon="106.924419">
        <ele>798.55</ele>
      </trkpt>
      <trkpt lat="-6.605122" lon="106.924382">
        <ele>796.79</ele>
      </trkpt>
      <trkpt lat="-6.60507" lon="106.924261">
        <ele>792.45</ele>
      </trkpt>
      <trkpt lat="-6.605017" lon="106.924176">
        <ele>789.81</ele>
      </trkpt>
      <trkpt lat="-6.604853" lon="106.924">
        <ele>783.53</ele>
      </trkpt>
      <trkpt lat="-6.604695" lon="106.923777">
        <ele>780.22</ele>
      </trkpt>
      <trkpt lat="-6.604601" lon="106.923688">
        <ele>780.11</ele>
      </trkpt>
      <trkpt lat="-6.604524" lon="106.92359">
        <ele>778.05</ele>
      </trkpt>
      <trkpt lat="-6.604476" lon="106.923438">
        <ele>775.37</ele>
      </trkpt>
      <trkpt lat="-6.604363" lon="106.923131">
        <ele>768.17</ele>
      </trkpt>
      <trkpt lat="-6.604281" lon="106.922977">
        <ele>766.75</ele>
      </trkpt>
      <trkpt lat="-6.604122" lon="106.922651">
        <ele>768.8</ele>
      </trkpt>
      <trkpt lat="-6.604016" lon="106.922468">
        <ele>769.02</ele>
      </trkpt>
      <trkpt lat="-6.603935" lon="106.922299">
        <ele>770.75</ele>
      </trkpt>
      <trkpt lat="-6.603852" lon="106.922184">
        <ele>771.68</ele>
      </trkpt>
      <trkpt lat="-6.603795" lon="106.922091">
        <ele>773.34</ele>
      </trkpt>
      <trkpt lat="-6.603718" lon="106.922004">
        <ele>774.09</ele>
      </trkpt>
      <trkpt lat="-6.603626" lon="106.921862">
        <ele>775.98</ele>
      </trkpt>
      <trkpt lat="-6.60335" lon="106.921635">
        <ele>779.12</ele>
      </trkpt>
      <trkpt lat="-6.603125" lon="106.921163">
        <ele>785.2</ele>
      </trkpt>
      <trkpt lat="-6.603054" lon="106.920994">
        <ele>786.59</ele>
      </trkpt>
      <trkpt lat="-6.603033" lon="106.920903">
        <ele>787.26</ele>
      </trkpt>
      <trkpt lat="-6.603034" lon="106.920823">
        <ele>788.29</ele>
      </trkpt>
      <trkpt lat="-6.603066" lon="106.920682">
        <ele>791.08</ele>
      </trkpt>
      <trkpt lat="-6.603032" lon="106.920555">
        <ele>793.24</ele>
      </trkpt>
      <trkpt lat="-6.602957" lon="106.92047">
        <ele>793.88</ele>
      </trkpt>
      <trkpt lat="-6.60285" lon="106.920399">
        <ele>792.8</ele>
      </trkpt>
      <trkpt lat="-6.602774" lon="106.920282">
        <ele>793.97</ele>
      </trkpt>
      <trkpt lat="-6.602661" lon="106.920005">
        <ele>797.15</ele>
      </trkpt>
      <trkpt lat="-6.602425" lon="106.919772">
        <ele>794.21</ele>
      </trkpt>
      <trkpt lat="-6.602157" lon="106.919671">
        <ele>786.24</ele>
      </trkpt>
      <trkpt lat="-6.602051" lon="106.919621">
        <ele>783.78</ele>
      </trkpt>
      <trkpt lat="-6.60192" lon="106.919582">
        <ele>779.84</ele>
      </trkpt>
      <trkpt lat="-6.601831" lon="106.919527">
        <ele>777.88</ele>
      </trkpt>
      <trkpt lat="-6.601583" lon="106.91933">
        <ele>772.47</ele>
      </trkpt>
      <trkpt lat="-6.601441" lon="106.91915">
        <ele>767.09</ele>
      </trkpt>
      <trkpt lat="-6.60125" lon="106.918987">
        <ele>761.96</ele>
      </trkpt>
      <trkpt lat="-6.60098" lon="106.918669">
        <ele>753.92</ele>
      </trkpt>
      <trkpt lat="-6.60069" lon="106.918515">
        <ele>754.88</ele>
      </trkpt>
      <trkpt lat="-6.60024" lon="106.918444">
        <ele>754.66</ele>
      </trkpt>
      <trkpt lat="-6.600079" lon="106.918332">
        <ele>758.21</ele>
      </trkpt>
      <trkpt lat="-6.599987" lon="106.918272">
        <ele>758.57</ele>
      </trkpt>
      <trkpt lat="-6.599814" lon="106.918248">
        <ele>757.98</ele>
      </trkpt>
      <trkpt lat="-6.599598" lon="106.91825">
        <ele>759.29</ele>
      </trkpt>
      <trkpt lat="-6.599486" lon="106.918326">
        <ele>757.8</ele>
      </trkpt>
      <trkpt lat="-6.599399" lon="106.918413">
        <ele>754.06</ele>
      </trkpt>
      <trkpt lat="-6.599343" lon="106.918409">
        <ele>754.54</ele>
      </trkpt>
      <trkpt lat="-6.59924" lon="106.918347">
        <ele>757.2</ele>
      </trkpt>
      <trkpt lat="-6.599141" lon="106.918352">
        <ele>755.82</ele>
      </trkpt>
      <trkpt lat="-6.598996" lon="106.918415">
        <ele>749.99</ele>
      </trkpt>
      <trkpt lat="-6.598798" lon="106.918446">
        <ele>745.87</ele>
      </trkpt>
      <trkpt lat="-6.5987" lon="106.918481">
        <ele>743.36</ele>
      </trkpt>
      <trkpt lat="-6.598636" lon="106.918552">
        <ele>739.88</ele>
      </trkpt>
      <trkpt lat="-6.598576" lon="106.918573">
        <ele>737.83</ele>
      </trkpt>
      <trkpt lat="-6.598508" lon="106.918553">
        <ele>737.55</ele>
      </trkpt>
      <trkpt lat="-6.598329" lon="106.91845">
        <ele>735.43</ele>
      </trkpt>
      <trkpt lat="-6.598246" lon="106.918437">
        <ele>732.8</ele>
      </trkpt>
      <trkpt lat="-6.598024" lon="106.918461">
        <ele>724.59</ele>
      </trkpt>
      <trkpt lat="-6.597961" lon="106.918414">
        <ele>723.28</ele>
      </trkpt>
      <trkpt lat="-6.597923" lon="106.918138">
        <ele>722.82</ele>
      </trkpt>
      <trkpt lat="-6.597852" lon="106.918128">
        <ele>720.58</ele>
      </trkpt>
      <trkpt lat="-6.597667" lon="106.918168">
        <ele>715.06</ele>
      </trkpt>
      <trkpt lat="-6.597484" lon="106.918242">
        <ele>709.46</ele>
      </trkpt>
      <trkpt lat="-6.597261" lon="106.918251">
        <ele>701.96</ele>
      </trkpt>
      <trkpt lat="-6.597155" lon="106.918269">
        <ele>699.08</ele>
      </trkpt>
      <trkpt lat="-6.597038" lon="106.918316">
        <ele>695.77</ele>
      </trkpt>
      <trkpt lat="-6.596852" lon="106.918455">
        <ele>690.07</ele>
      </trkpt>
      <trkpt lat="-6.596481" lon="106.918545">
        <ele>677.57</ele>
      </trkpt>
      <trkpt lat="-6.59588" lon="106.91854">
        <ele>658.13</ele>
      </trkpt>
      <trkpt lat="-6.595707" lon="106.918609">
        <ele>652.64</ele>
      </trkpt>
      <trkpt lat="-6.595564" lon="106.918636">
        <ele>648.88</ele>
      </trkpt>
      <trkpt lat="-6.595558" lon="106.918598">
        <ele>648.95</ele>
      </trkpt>
      <trkpt lat="-6.595577" lon="106.918535">
        <ele>649.69</ele>
      </trkpt>
      <trkpt lat="-6.595656" lon="106.918447">
        <ele>651.03</ele>
      </trkpt>
      <trkpt lat="-6.595714" lon="106.918356">
        <ele>651.68</ele>
      </trkpt>
      <trkpt lat="-6.595744" lon="106.918259">
        <ele>651.07</ele>
      </trkpt>
      <trkpt lat="-6.59574" lon="106.918132">
        <ele>648.2</ele>
      </trkpt>
      <trkpt lat="-6.595715" lon="106.917982">
        <ele>642.71</ele>
      </trkpt>
      <trkpt lat="-6.595755" lon="106.917798">
        <ele>637.77</ele>
      </trkpt>
      <trkpt lat="-6.595833" lon="106.917568">
        <ele>632.86</ele>
      </trkpt>
      <trkpt lat="-6.595863" lon="106.917436">
        <ele>630.17</ele>
      </trkpt>
      <trkpt lat="-6.595861" lon="106.91728">
        <ele>626.18</ele>
      </trkpt>
      <trkpt lat="-6.595892" lon="106.917173">
        <ele>625.15</ele>
      </trkpt>
      <trkpt lat="-6.59591" lon="106.916983">
        <ele>620.64</ele>
      </trkpt>
      <trkpt lat="-6.595975" lon="106.916937">
        <ele>622.39</ele>
      </trkpt>
      <trkpt lat="-6.596013" lon="106.916859">
        <ele>621.9</ele>
      </trkpt>
      <trkpt lat="-6.595988" lon="106.916711">
        <ele>616.2</ele>
      </trkpt>
      <trkpt lat="-6.595939" lon="106.916596">
        <ele>610.67</ele>
      </trkpt>
      <trkpt lat="-6.595842" lon="106.916532">
        <ele>605.61</ele>
      </trkpt>
      <trkpt lat="-6.595721" lon="106.916483">
        <ele>600.88</ele>
      </trkpt>
      <trkpt lat="-6.59556" lon="106.916351">
        <ele>594.98</ele>
      </trkpt>
      <trkpt lat="-6.595425" lon="106.91626">
        <ele>592.69</ele>
      </trkpt>
      <trkpt lat="-6.595237" lon="106.916143">
        <ele>592.02</ele>
      </trkpt>
      <trkpt lat="-6.594883" lon="106.916028">
        <ele>594.08</ele>
      </trkpt>
      <trkpt lat="-6.594717" lon="106.915953">
        <ele>594.23</ele>
      </trkpt>
      <trkpt lat="-6.594626" lon="106.915873">
        <ele>594.48</ele>
      </trkpt>
      <trkpt lat="-6.594538" lon="106.915592">
        <ele>597.99</ele>
      </trkpt>
      <trkpt lat="-6.594521" lon="106.9156">
        <ele>597.8</ele>
      </trkpt>
      <trkpt lat="-6.594519432759114" lon="106.91559741205958">
        <ele>596.6953690488128</ele>
      </trkpt>
      <trkpt lat="-6.594521" lon="106.9156">
        <ele>597.8</ele>
      </trkpt>
      <trkpt lat="-6.594083" lon="106.915792">
        <ele>593.12</ele>
      </trkpt>
      <trkpt lat="-6.594027" lon="106.915179">
        <ele>615.01</ele>
      </trkpt>
      <trkpt lat="-6.594049" lon="106.914823">
        <ele>627.3</ele>
      </trkpt>
      <trkpt lat="-6.593908" lon="106.91444">
        <ele>646.08</ele>
      </trkpt>
      <trkpt lat="-6.593716" lon="106.914493">
        <ele>650.13</ele>
      </trkpt>
      <trkpt lat="-6.593445" lon="106.914645">
        <ele>647.05</ele>
      </trkpt>
      <trkpt lat="-6.593364" lon="106.914514">
        <ele>655.66</ele>
      </trkpt>
      <trkpt lat="-6.59355" lon="106.914224">
        <ele>669.09</ele>
      </trkpt>
      <trkpt lat="-6.593685" lon="106.913947">
        <ele>675.98</ele>
      </trkpt>
      <trkpt lat="-6.593786" lon="106.913842">
        <ele>676.56</ele>
      </trkpt>
      <trkpt lat="-6.593893" lon="106.913614">
        <ele>682.66</ele>
      </trkpt>
      <trkpt lat="-6.593694" lon="106.913614">
        <ele>690.31</ele>
      </trkpt>
      <trkpt lat="-6.593547" lon="106.913571">
        <ele>697.08</ele>
      </trkpt>
      <trkpt lat="-6.593465" lon="106.913423">
        <ele>709.43</ele>
      </trkpt>
      <trkpt lat="-6.593354" lon="106.91326">
        <ele>727.25</ele>
      </trkpt>
      <trkpt lat="-6.593345" lon="106.913155">
        <ele>737.76</ele>
      </trkpt>
      <trkpt lat="-6.593253" lon="106.913195">
        <ele>737.37</ele>
      </trkpt>
      <trkpt lat="-6.593097" lon="106.913198">
        <ele>742.27</ele>
      </trkpt>
      <trkpt lat="-6.593051" lon="106.913149">
        <ele>748.77</ele>
      </trkpt>
      <trkpt lat="-6.593159" lon="106.913038">
        <ele>757.24</ele>
      </trkpt>
      <trkpt lat="-6.593122" lon="106.912945">
        <ele>767.23</ele>
      </trkpt>
      <trkpt lat="-6.593039" lon="106.912862">
        <ele>777.39</ele>
      </trkpt>
      <trkpt lat="-6.592828" lon="106.912859">
        <ele>782.34</ele>
      </trkpt>
      <trkpt lat="-6.592739" lon="106.912758">
        <ele>791.51</ele>
      </trkpt>
      <trkpt lat="-6.592672" lon="106.912628">
        <ele>801.63</ele>
      </trkpt>
      <trkpt lat="-6.592598" lon="106.91265">
        <ele>801.15</ele>
      </trkpt>
      <trkpt lat="-6.592544" lon="106.912594">
        <ele>805.65</ele>
      </trkpt>
      <trkpt lat="-6.592516" lon="106.91248">
        <ele>813.78</ele>
      </trkpt>
      <trkpt lat="-6.592507" lon="106.912391">
        <ele>819.1</ele>
      </trkpt>
      <trkpt lat="-6.592473" lon="106.91224">
        <ele>827.69</ele>
      </trkpt>
      <trkpt lat="-6.592354" lon="106.912175">
        <ele>832.46</ele>
      </trkpt>
      <trkpt lat="-6.592231" lon="106.912089">
        <ele>837.54</ele>
      </trkpt>
      <trkpt lat="-6.592202" lon="106.912075">
        <ele>838.37</ele>
      </trkpt>
      <trkpt lat="-6.592106" lon="106.91203">
        <ele>841.1</ele>
      </trkpt>
      <trkpt lat="-6.591968" lon="106.911984">
        <ele>843.99</ele>
      </trkpt>
      <trkpt lat="-6.591904" lon="106.911935">
        <ele>844.81</ele>
      </trkpt>
      <trkpt lat="-6.591862" lon="106.911933">
        <ele>845.06</ele>
      </trkpt>
      <trkpt lat="-6.591683" lon="106.911886">
        <ele>845.47</ele>
      </trkpt>
      <trkpt lat="-6.59157" lon="106.911846">
        <ele>844.22</ele>
      </trkpt>
      <trkpt lat="-6.591457" lon="106.911769">
        <ele>841.13</ele>
      </trkpt>
      <trkpt lat="-6.591295" lon="106.911682">
        <ele>835.05</ele>
      </trkpt>
      <trkpt lat="-6.591282" lon="106.911633">
        <ele>833.79</ele>
      </trkpt>
      <trkpt lat="-6.591163" lon="106.911553">
        <ele>827.13</ele>
      </trkpt>
      <trkpt lat="-6.591062" lon="106.911522">
        <ele>822.7</ele>
      </trkpt>
      <trkpt lat="-6.59093" lon="106.91151">
        <ele>817.3</ele>
      </trkpt>
      <trkpt lat="-6.590857" lon="106.911559">
        <ele>815.13</ele>
      </trkpt>
      <trkpt lat="-6.590762" lon="106.911541">
        <ele>810.76</ele>
      </trkpt>
      <trkpt lat="-6.590698" lon="106.911611">
        <ele>808.9</ele>
      </trkpt>
      <trkpt lat="-6.590566" lon="106.911568">
        <ele>802.9</ele>
      </trkpt>
      <trkpt lat="-6.590462" lon="106.911556">
        <ele>798.57</ele>
      </trkpt>
      <trkpt lat="-6.590321" lon="106.911522">
        <ele>792.99</ele>
      </trkpt>
      <trkpt lat="-6.590315" lon="106.911439">
        <ele>792.47</ele>
      </trkpt>
      <trkpt lat="-6.59033" lon="106.9113">
        <ele>789.45</ele>
      </trkpt>
      <trkpt lat="-6.590214" lon="106.91122">
        <ele>781.16</ele>
      </trkpt>
      <trkpt lat="-6.590245" lon="106.911152">
        <ele>778.53</ele>
      </trkpt>
      <trkpt lat="-6.59033" lon="106.911152">
        <ele>781.13</ele>
      </trkpt>
      <trkpt lat="-6.590327" lon="106.910995">
        <ele>769.57</ele>
      </trkpt>
      <trkpt lat="-6.590364" lon="106.910881">
        <ele>761.58</ele>
      </trkpt>
      <trkpt lat="-6.590499" lon="106.910857">
        <ele>762.75</ele>
      </trkpt>
      <trkpt lat="-6.590517" lon="106.910644">
        <ele>747.76</ele>
      </trkpt>
      <trkpt lat="-6.59064" lon="106.910604">
        <ele>747.3</ele>
      </trkpt>
      <trkpt lat="-6.590796" lon="106.910474">
        <ele>742.88</ele>
      </trkpt>
      <trkpt lat="-6.590796" lon="106.91036">
        <ele>736.2</ele>
      </trkpt>
      <trkpt lat="-6.590872" lon="106.910305">
        <ele>734.44</ele>
      </trkpt>
      <trkpt lat="-6.590823" lon="106.91021">
        <ele>729.15</ele>
      </trkpt>
      <trkpt lat="-6.590845" lon="106.910129">
        <ele>725.83</ele>
      </trkpt>
      <trkpt lat="-6.590992" lon="106.909951">
        <ele>716.57</ele>
      </trkpt>
      <trkpt lat="-6.591037" lon="106.909713">
        <ele>702.59</ele>
      </trkpt>
      <trkpt lat="-6.591145" lon="106.90968">
        <ele>699.25</ele>
      </trkpt>
      <trkpt lat="-6.591328" lon="106.909794">
        <ele>702.52</ele>
      </trkpt>
      <trkpt lat="-6.591435" lon="106.909806">
        <ele>703.61</ele>
      </trkpt>
      <trkpt lat="-6.591524" lon="106.909886">
        <ele>710.46</ele>
      </trkpt>
      <trkpt lat="-6.591772" lon="106.909904">
        <ele>716.89</ele>
      </trkpt>
      <trkpt lat="-6.591904" lon="106.909526">
        <ele>691.84</ele>
      </trkpt>
      <trkpt lat="-6.591809" lon="106.909304">
        <ele>677.32</ele>
      </trkpt>
      <trkpt lat="-6.591784" lon="106.909165">
        <ele>669.57</ele>
      </trkpt>
      <trkpt lat="-6.591735" lon="106.90911">
        <ele>666.66</ele>
      </trkpt>
      <trkpt lat="-6.591702" lon="106.908965">
        <ele>659.11</ele>
      </trkpt>
      <trkpt lat="-6.591616" lon="106.908832">
        <ele>651.26</ele>
      </trkpt>
      <trkpt lat="-6.591631" lon="106.908764">
        <ele>647.1</ele>
      </trkpt>
      <trkpt lat="-6.591558" lon="106.908697">
        <ele>641.92</ele>
      </trkpt>
      <trkpt lat="-6.591396" lon="106.908718">
        <ele>641.39</ele>
      </trkpt>
      <trkpt lat="-6.591301" lon="106.908706">
        <ele>639.6</ele>
      </trkpt>
      <trkpt lat="-6.591212" lon="106.908617">
        <ele>633.89</ele>
      </trkpt>
      <trkpt lat="-6.591099" lon="106.908484">
        <ele>625.44</ele>
      </trkpt>
      <trkpt lat="-6.590961" lon="106.908355">
        <ele>616.26</ele>
      </trkpt>
      <trkpt lat="-6.590814" lon="106.908191">
        <ele>605.94</ele>
      </trkpt>
      <trkpt lat="-6.590734" lon="106.908016">
        <ele>595.83</ele>
      </trkpt>
      <trkpt lat="-6.590716" lon="106.90784">
        <ele>586.25</ele>
      </trkpt>
      <trkpt lat="-6.590695" lon="106.907683">
        <ele>575.36</ele>
      </trkpt>
      <trkpt lat="-6.590741" lon="106.907538">
        <ele>565.26</ele>
      </trkpt>
      <trkpt lat="-6.590698" lon="106.907455">
        <ele>557.97</ele>
      </trkpt>
      <trkpt lat="-6.590413" lon="106.907366">
        <ele>548.69</ele>
      </trkpt>
      <trkpt lat="-6.590352" lon="106.907273">
        <ele>542.98</ele>
      </trkpt>
      <trkpt lat="-6.590373" lon="106.90719">
        <ele>538.46</ele>
      </trkpt>
      <trkpt lat="-6.590468" lon="106.907132">
        <ele>535.03</ele>
      </trkpt>
      <trkpt lat="-6.590542" lon="106.906728">
        <ele>512.59</ele>
      </trkpt>
      <trkpt lat="-6.59045" lon="106.906589">
        <ele>509.12</ele>
      </trkpt>
      <trkpt lat="-6.590419" lon="106.906441">
        <ele>504.08</ele>
      </trkpt>
      <trkpt lat="-6.590312" lon="106.906226">
        <ele>496.62</ele>
      </trkpt>
      <trkpt lat="-6.590419" lon="106.905945">
        <ele>484.68</ele>
      </trkpt>
      <trkpt lat="-6.590526" lon="106.905804">
        <ele>477.48</ele>
      </trkpt>
      <trkpt lat="-6.590575" lon="106.90564">
        <ele>469.97</ele>
      </trkpt>
      <trkpt lat="-6.590661" lon="106.905459">
        <ele>459.07</ele>
      </trkpt>
      <trkpt lat="-6.590787" lon="106.905391">
        <ele>452.83</ele>
      </trkpt>
      <trkpt lat="-6.590832" lon="106.905243">
        <ele>445.15</ele>
      </trkpt>
      <trkpt lat="-6.59082" lon="106.905104">
        <ele>438.99</ele>
      </trkpt>
      <trkpt lat="-6.590888" lon="106.905003">
        <ele>433.76</ele>
      </trkpt>
      <trkpt lat="-6.590713" lon="106.904836">
        <ele>426.76</ele>
      </trkpt>
      <trkpt lat="-6.590686" lon="106.904734">
        <ele>422.26</ele>
      </trkpt>
      <trkpt lat="-6.590612" lon="106.904642">
        <ele>416.74</ele>
      </trkpt>
      <trkpt lat="-6.590658" lon="106.904528">
        <ele>411.74</ele>
      </trkpt>
      <trkpt lat="-6.59078" lon="106.904448">
        <ele>409.45</ele>
      </trkpt>
      <trkpt lat="-6.590775" lon="106.90429">
        <ele>401.92</ele>
      </trkpt>
      <trkpt lat="-6.590832" lon="106.904143">
        <ele>395.97</ele>
      </trkpt>
      <trkpt lat="-6.590884" lon="106.9041">
        <ele>394.87</ele>
      </trkpt>
      <trkpt lat="-6.590744" lon="106.904004">
        <ele>389.48</ele>
      </trkpt>
      <trkpt lat="-6.590643" lon="106.904004">
        <ele>388.3</ele>
      </trkpt>
      <trkpt lat="-6.590487" lon="106.90394">
        <ele>384.59</ele>
      </trkpt>
      <trkpt lat="-6.590318" lon="106.903782">
        <ele>380.31</ele>
      </trkpt>
      <trkpt lat="-6.590205" lon="106.903727">
        <ele>379.05</ele>
      </trkpt>
      <trkpt lat="-6.590166" lon="106.903641">
        <ele>377.62</ele>
      </trkpt>
      <trkpt lat="-6.590367216439418" lon="106.90354842427803">
        <ele>378.1802342648152</ele>
      </trkpt>
      <trkpt lat="-6.590166" lon="106.903641">
        <ele>377.62</ele>
      </trkpt>
      <trkpt lat="-6.590144" lon="106.903591">
        <ele>376.81</ele>
      </trkpt>
      <trkpt lat="-6.589868" lon="106.903305">
        <ele>371.9</ele>
      </trkpt>
      <trkpt lat="-6.589853" lon="106.903151">
        <ele>369.71</ele>
      </trkpt>
      <trkpt lat="-6.58989" lon="106.902917">
        <ele>366.62</ele>
      </trkpt>
      <trkpt lat="-6.589816" lon="106.902747">
        <ele>365.16</ele>
      </trkpt>
      <trkpt lat="-6.589724" lon="106.902507">
        <ele>363.28</ele>
      </trkpt>
      <trkpt lat="-6.589584" lon="106.902288">
        <ele>363</ele>
      </trkpt>
      <trkpt lat="-6.58947" lon="106.902029">
        <ele>362.82</ele>
      </trkpt>
      <trkpt lat="-6.58936" lon="106.901968">
        <ele>362.36</ele>
      </trkpt>
      <trkpt lat="-6.589287" lon="106.9019">
        <ele>361.53</ele>
      </trkpt>
      <trkpt lat="-6.589229" lon="106.901798">
        <ele>360.05</ele>
      </trkpt>
      <trkpt lat="-6.589017" lon="106.901801">
        <ele>357.33</ele>
      </trkpt>
      <trkpt lat="-6.588916" lon="106.901641">
        <ele>353.66</ele>
      </trkpt>
      <trkpt lat="-6.588843" lon="106.901432">
        <ele>350.27</ele>
      </trkpt>
      <trkpt lat="-6.588864" lon="106.901191">
        <ele>348.94</ele>
      </trkpt>
      <trkpt lat="-6.588883" lon="106.901096">
        <ele>348.56</ele>
      </trkpt>
      <trkpt lat="-6.589177" lon="106.900926">
        <ele>348.1</ele>
      </trkpt>
      <trkpt lat="-6.589275" lon="106.900917">
        <ele>348.41</ele>
      </trkpt>
      <trkpt lat="-6.589357" lon="106.90088">
        <ele>348.19</ele>
      </trkpt>
      <trkpt lat="-6.589357" lon="106.9008">
        <ele>347</ele>
      </trkpt>
      <trkpt lat="-6.589838" lon="106.900575">
        <ele>340.89</ele>
      </trkpt>
      <trkpt lat="-6.590115" lon="106.900508">
        <ele>339.61</ele>
      </trkpt>
      <trkpt lat="-6.590206" lon="106.900518">
        <ele>339.21</ele>
      </trkpt>
      <trkpt lat="-6.590231" lon="106.900544">
        <ele>339.36</ele>
      </trkpt>
      <trkpt lat="-6.590275" lon="106.900566">
        <ele>339.36</ele>
      </trkpt>
      <trkpt lat="-6.590324" lon="106.900569">
        <ele>338.97</ele>
      </trkpt>
      <trkpt lat="-6.590597" lon="106.901012">
        <ele>341.11</ele>
      </trkpt>
      <trkpt lat="-6.590608" lon="106.901016">
        <ele>341.04</ele>
      </trkpt>
      <trkpt lat="-6.590828" lon="106.9014">
        <ele>345.25</ele>
      </trkpt>
      <trkpt lat="-6.590881" lon="106.901511">
        <ele>346.54</ele>
      </trkpt>
      <trkpt lat="-6.590927" lon="106.901687">
        <ele>349.27</ele>
      </trkpt>
      <trkpt lat="-6.590975" lon="106.901756">
        <ele>349.66</ele>
      </trkpt>
      <trkpt lat="-6.591013" lon="106.901774">
        <ele>349.59</ele>
      </trkpt>
      <trkpt lat="-6.591121" lon="106.901781">
        <ele>348.62</ele>
      </trkpt>
      <trkpt lat="-6.591254" lon="106.901807">
        <ele>348.71</ele>
      </trkpt>
      <trkpt lat="-6.591255" lon="106.901832">
        <ele>349.01</ele>
      </trkpt>
      <trkpt lat="-6.591282" lon="106.901875">
        <ele>349.3</ele>
      </trkpt>
      <trkpt lat="-6.59133" lon="106.901891">
        <ele>349.28</ele>
      </trkpt>
      <trkpt lat="-6.591376" lon="106.901872">
        <ele>348.95</ele>
      </trkpt>
      <trkpt lat="-6.591392" lon="106.901851">
        <ele>348.71</ele>
      </trkpt>
      <trkpt lat="-6.591574" lon="106.9019">
        <ele>348.59</ele>
      </trkpt>
      <trkpt lat="-6.591691" lon="106.901899">
        <ele>348.27</ele>
      </trkpt>
      <trkpt lat="-6.591689" lon="106.901787">
        <ele>347.34</ele>
      </trkpt>
      <trkpt lat="-6.591726" lon="106.901709">
        <ele>346.46</ele>
      </trkpt>
      <trkpt lat="-6.591767" lon="106.901671">
        <ele>346.08</ele>
      </trkpt>
      <trkpt lat="-6.592058" lon="106.901583">
        <ele>346.91</ele>
      </trkpt>
      <trkpt lat="-6.592105" lon="106.90174">
        <ele>348.1</ele>
      </trkpt>
      <trkpt lat="-6.592215" lon="106.90223">
        <ele>350.5</ele>
      </trkpt>
      <trkpt lat="-6.592267" lon="106.902392">
        <ele>351.26</ele>
      </trkpt>
      <trkpt lat="-6.592365" lon="106.902501">
        <ele>352.05</ele>
      </trkpt>
      <trkpt lat="-6.592481" lon="106.902562">
        <ele>353.12</ele>
      </trkpt>
      <trkpt lat="-6.592686" lon="106.902631">
        <ele>354.69</ele>
      </trkpt>
      <trkpt lat="-6.592756" lon="106.902505">
        <ele>354.88</ele>
      </trkpt>
      <trkpt lat="-6.592811" lon="106.902338">
        <ele>355.52</ele>
      </trkpt>
      <trkpt lat="-6.592849" lon="106.902096">
        <ele>355.51</ele>
      </trkpt>
      <trkpt lat="-6.592881" lon="106.902056">
        <ele>355.36</ele>
      </trkpt>
      <trkpt lat="-6.592926" lon="106.902037">
        <ele>355.28</ele>
      </trkpt>
      <trkpt lat="-6.592977" lon="106.902029">
        <ele>355.26</ele>
      </trkpt>
      <trkpt lat="-6.593257" lon="106.902152">
        <ele>356.22</ele>
      </trkpt>
      <trkpt lat="-6.593423" lon="106.902204">
        <ele>356.05</ele>
      </trkpt>
      <trkpt lat="-6.59369" lon="106.902245">
        <ele>355.3</ele>
      </trkpt>
      <trkpt lat="-6.59397" lon="106.902295">
        <ele>355.92</ele>
      </trkpt>
      <trkpt lat="-6.594109" lon="106.902312">
        <ele>355.81</ele>
      </trkpt>
      <trkpt lat="-6.594225" lon="106.902366">
        <ele>356.28</ele>
      </trkpt>
      <trkpt lat="-6.594289" lon="106.902441">
        <ele>357.22</ele>
      </trkpt>
      <trkpt lat="-6.594344" lon="106.902443">
        <ele>356.93</ele>
      </trkpt>
      <trkpt lat="-6.594379" lon="106.902474">
        <ele>357.26</ele>
      </trkpt>
      <trkpt lat="-6.594388" lon="106.902524">
        <ele>358.08</ele>
      </trkpt>
      <trkpt lat="-6.594346" lon="106.902646">
        <ele>360.27</ele>
      </trkpt>
      <trkpt lat="-6.594424" lon="106.902894">
        <ele>364.74</ele>
      </trkpt>
      <trkpt lat="-6.594436" lon="106.903126">
        <ele>368.84</ele>
      </trkpt>
      <trkpt lat="-6.594466" lon="106.903254">
        <ele>371.41</ele>
      </trkpt>
      <trkpt lat="-6.594535" lon="106.903332">
        <ele>373.13</ele>
      </trkpt>
      <trkpt lat="-6.594765" lon="106.903418">
        <ele>375.85</ele>
      </trkpt>
      <trkpt lat="-6.594943" lon="106.903563">
        <ele>378.32</ele>
      </trkpt>
      <trkpt lat="-6.595072" lon="106.903685">
        <ele>381.1</ele>
      </trkpt>
      <trkpt lat="-6.595306" lon="106.90382">
        <ele>382.31</ele>
      </trkpt>
      <trkpt lat="-6.595542" lon="106.904102">
        <ele>385.52</ele>
      </trkpt>
      <trkpt lat="-6.595752" lon="106.90416">
        <ele>383.75</ele>
      </trkpt>
      <trkpt lat="-6.595954" lon="106.904314">
        <ele>383.74</ele>
      </trkpt>
      <trkpt lat="-6.596078" lon="106.904511">
        <ele>386.69</ele>
      </trkpt>
      <trkpt lat="-6.596518" lon="106.904885">
        <ele>387.95</ele>
      </trkpt>
      <trkpt lat="-6.596727" lon="106.904951">
        <ele>385.93</ele>
      </trkpt>
      <trkpt lat="-6.596951" lon="106.905065">
        <ele>387.83</ele>
      </trkpt>
      <trkpt lat="-6.59707" lon="106.905145">
        <ele>389.97</ele>
      </trkpt>
      <trkpt lat="-6.597192" lon="106.905131">
        <ele>389.03</ele>
      </trkpt>
      <trkpt lat="-6.597283" lon="106.905054">
        <ele>386.65</ele>
      </trkpt>
      <trkpt lat="-6.597449" lon="106.905">
        <ele>384.72</ele>
      </trkpt>
      <trkpt lat="-6.597629" lon="106.905023">
        <ele>384.27</ele>
      </trkpt>
      <trkpt lat="-6.5978" lon="106.905115">
        <ele>383.47</ele>
      </trkpt>
      <trkpt lat="-6.597874" lon="106.905251">
        <ele>384.55</ele>
      </trkpt>
      <trkpt lat="-6.597916" lon="106.90536">
        <ele>385.84</ele>
      </trkpt>
      <trkpt lat="-6.598026" lon="106.905517">
        <ele>387.12</ele>
      </trkpt>
      <trkpt lat="-6.598162" lon="106.905615">
        <ele>387.75</ele>
      </trkpt>
      <trkpt lat="-6.598367" lon="106.905602">
        <ele>384.24</ele>
      </trkpt>
      <trkpt lat="-6.598692" lon="106.905739">
        <ele>387.83</ele>
      </trkpt>
      <trkpt lat="-6.598813" lon="106.905777">
        <ele>388.68</ele>
      </trkpt>
      <trkpt lat="-6.598921" lon="106.905743">
        <ele>387.05</ele>
      </trkpt>
      <trkpt lat="-6.59912" lon="106.905722">
        <ele>385.51</ele>
      </trkpt>
      <trkpt lat="-6.599329" lon="106.905764">
        <ele>386.14</ele>
      </trkpt>
      <trkpt lat="-6.599441" lon="106.905809">
        <ele>387.11</ele>
      </trkpt>
      <trkpt lat="-6.599534" lon="106.905805">
        <ele>386.29</ele>
      </trkpt>
      <trkpt lat="-6.5996" lon="106.905777">
        <ele>384.61</ele>
      </trkpt>
      <trkpt lat="-6.599697" lon="106.905809">
        <ele>384.67</ele>
      </trkpt>
      <trkpt lat="-6.599786" lon="106.905877">
        <ele>386.23</ele>
      </trkpt>
      <trkpt lat="-6.599894" lon="106.905864">
        <ele>385.02</ele>
      </trkpt>
      <trkpt lat="-6.599965" lon="106.905896">
        <ele>385.52</ele>
      </trkpt>
      <trkpt lat="-6.599941" lon="106.905989">
        <ele>388.12</ele>
      </trkpt>
      <trkpt lat="-6.59987" lon="106.90606">
        <ele>390.21</ele>
      </trkpt>
      <trkpt lat="-6.599877" lon="106.906156">
        <ele>392.03</ele>
      </trkpt>
      <trkpt lat="-6.599993" lon="106.906294">
        <ele>391.54</ele>
      </trkpt>
      <trkpt lat="-6.600086" lon="106.906357">
        <ele>390.83</ele>
      </trkpt>
      <trkpt lat="-6.600259" lon="106.906654">
        <ele>391.03</ele>
      </trkpt>
      <trkpt lat="-6.600359" lon="106.906948">
        <ele>392.74</ele>
      </trkpt>
      <trkpt lat="-6.600416" lon="106.907203">
        <ele>393.65</ele>
      </trkpt>
      <trkpt lat="-6.600604" lon="106.907623">
        <ele>395.22</ele>
      </trkpt>
      <trkpt lat="-6.60064" lon="106.907838">
        <ele>396.17</ele>
      </trkpt>
      <trkpt lat="-6.600668" lon="106.907927">
        <ele>395.88</ele>
      </trkpt>
      <trkpt lat="-6.600771" lon="106.90808">
        <ele>393.92</ele>
      </trkpt>
      <trkpt lat="-6.600958" lon="106.908182">
        <ele>390.57</ele>
      </trkpt>
      <trkpt lat="-6.601044" lon="106.908292">
        <ele>390.28</ele>
      </trkpt>
      <trkpt lat="-6.60098" lon="106.908383">
        <ele>392.46</ele>
      </trkpt>
      <trkpt lat="-6.600801" lon="106.908672">
        <ele>399.43</ele>
      </trkpt>
      <trkpt lat="-6.600663" lon="106.908849">
        <ele>404.79</ele>
      </trkpt>
      <trkpt lat="-6.600396" lon="106.909197">
        <ele>411.36</ele>
      </trkpt>
      <trkpt lat="-6.600363" lon="106.909412">
        <ele>415.29</ele>
      </trkpt>
      <trkpt lat="-6.600412" lon="106.909662">
        <ele>417.45</ele>
      </trkpt>
      <trkpt lat="-6.600509" lon="106.909913">
        <ele>416.89</ele>
      </trkpt>
      <trkpt lat="-6.600516" lon="106.910199">
        <ele>417.89</ele>
      </trkpt>
      <trkpt lat="-6.600613" lon="106.910368">
        <ele>416.09</ele>
      </trkpt>
      <trkpt lat="-6.600705" lon="106.910451">
        <ele>414.35</ele>
      </trkpt>
      <trkpt lat="-6.600842" lon="106.910478">
        <ele>413.78</ele>
      </trkpt>
      <trkpt lat="-6.600862" lon="106.910544">
        <ele>414.42</ele>
      </trkpt>
      <trkpt lat="-6.601075" lon="106.910601">
        <ele>414.69</ele>
      </trkpt>
      <trkpt lat="-6.601245" lon="106.910694">
        <ele>414.78</ele>
      </trkpt>
      <trkpt lat="-6.601379" lon="106.910722">
        <ele>413.31</ele>
      </trkpt>
      <trkpt lat="-6.601507" lon="106.910797">
        <ele>413.09</ele>
      </trkpt>
      <trkpt lat="-6.60165" lon="106.910858">
        <ele>412.45</ele>
      </trkpt>
      <trkpt lat="-6.601695" lon="106.911194">
        <ele>421.42</ele>
      </trkpt>
      <trkpt lat="-6.601908" lon="106.911317">
        <ele>422.49</ele>
      </trkpt>
      <trkpt lat="-6.602199" lon="106.911336">
        <ele>422.86</ele>
      </trkpt>
      <trkpt lat="-6.602422" lon="106.9112">
        <ele>419.35</ele>
      </trkpt>
      <trkpt lat="-6.602466" lon="106.911213">
        <ele>419.85</ele>
      </trkpt>
      <trkpt lat="-6.602749" lon="106.911237">
        <ele>420.79</ele>
      </trkpt>
      <trkpt lat="-6.602981" lon="106.911226">
        <ele>417.1</ele>
      </trkpt>
      <trkpt lat="-6.60362" lon="106.91129">
        <ele>406.91</ele>
      </trkpt>
      <trkpt lat="-6.603839" lon="106.911306">
        <ele>405.34</ele>
      </trkpt>
      <trkpt lat="-6.604094" lon="106.911596">
        <ele>413.18</ele>
      </trkpt>
      <trkpt lat="-6.604233" lon="106.911615">
        <ele>412.05</ele>
      </trkpt>
      <trkpt lat="-6.60451" lon="106.911548">
        <ele>408.43</ele>
      </trkpt>
      <trkpt lat="-6.604665" lon="106.911521">
        <ele>407.39</ele>
      </trkpt>
      <trkpt lat="-6.604824" lon="106.911559">
        <ele>408.69</ele>
      </trkpt>
      <trkpt lat="-6.605229" lon="106.91158">
        <ele>407.55</ele>
      </trkpt>
      <trkpt lat="-6.605475" lon="106.911618">
        <ele>407.88</ele>
      </trkpt>
      <trkpt lat="-6.605712" lon="106.911768">
        <ele>410.24</ele>
      </trkpt>
      <trkpt lat="-6.605759" lon="106.911838">
        <ele>411.35</ele>
      </trkpt>
      <trkpt lat="-6.605958" lon="106.911663">
        <ele>412.45</ele>
      </trkpt>
      <trkpt lat="-6.605891" lon="106.911324">
        <ele>411.5</ele>
      </trkpt>
      <trkpt lat="-6.605958" lon="106.910973">
        <ele>415.88</ele>
      </trkpt>
      <trkpt lat="-6.60625" lon="106.91086">
        <ele>418.63</ele>
      </trkpt>
      <trkpt lat="-6.606388" lon="106.910922">
        <ele>420.08</ele>
      </trkpt>
      <trkpt lat="-6.606856" lon="106.911021">
        <ele>424.38</ele>
      </trkpt>
      <trkpt lat="-6.607125" lon="106.911067">
        <ele>429.02</ele>
      </trkpt>
      <trkpt lat="-6.60738" lon="106.911389">
        <ele>437.28</ele>
      </trkpt>
      <trkpt lat="-6.607534" lon="106.91153">
        <ele>442.08</ele>
      </trkpt>
      <trkpt lat="-6.607673" lon="106.911562">
        <ele>444.81</ele>
      </trkpt>
      <trkpt lat="-6.607919" lon="106.9116">
        <ele>448.95</ele>
      </trkpt>
      <trkpt lat="-6.60796" lon="106.911702">
        <ele>449.86</ele>
      </trkpt>
      <trkpt lat="-6.608025" lon="106.911758">
        <ele>450.62</ele>
      </trkpt>
      <trkpt lat="-6.608313" lon="106.911712">
        <ele>453.71</ele>
      </trkpt>
      <trkpt lat="-6.608832" lon="106.911943">
        <ele>460.16</ele>
      </trkpt>
      <trkpt lat="-6.608905" lon="106.911807">
        <ele>458.95</ele>
      </trkpt>
      <trkpt lat="-6.608993" lon="106.911864">
        <ele>459.99</ele>
      </trkpt>
      <trkpt lat="-6.609022" lon="106.911928">
        <ele>461.1</ele>
      </trkpt>
      <trkpt lat="-6.609004819221013" lon="106.91193521127451">
        <ele>462.4190560046403</ele>
      </trkpt>
      <trkpt lat="-6.609022" lon="106.911928">
        <ele>461.1</ele>
      </trkpt>
      <trkpt lat="-6.609125" lon="106.912157">
        <ele>465.11</ele>
      </trkpt>
      <trkpt lat="-6.609385" lon="106.912429">
        <ele>472.22</ele>
      </trkpt>
      <trkpt lat="-6.609374" lon="106.912839">
        <ele>482.4</ele>
      </trkpt>
      <trkpt lat="-6.609385" lon="106.91309">
        <ele>487.01</ele>
      </trkpt>
      <trkpt lat="-6.609416" lon="106.913383">
        <ele>493.43</ele>
      </trkpt>
      <trkpt lat="-6.609464" lon="106.913649">
        <ele>500.99</ele>
      </trkpt>
      <trkpt lat="-6.609427" lon="106.913921">
        <ele>505.93</ele>
      </trkpt>
      <trkpt lat="-6.609506" lon="106.914102">
        <ele>511.94</ele>
      </trkpt>
      <trkpt lat="-6.609649" lon="106.914198">
        <ele>517.89</ele>
      </trkpt>
      <trkpt lat="-6.609887" lon="106.914214">
        <ele>525.23</ele>
      </trkpt>
      <trkpt lat="-6.60975" lon="106.914582">
        <ele>534.53</ele>
      </trkpt>
      <trkpt lat="-6.609665" lon="106.914705">
        <ele>537.54</ele>
      </trkpt>
      <trkpt lat="-6.60958" lon="106.914769">
        <ele>537.73</ele>
      </trkpt>
      <trkpt lat="-6.609583" lon="106.914823">
        <ele>539.37</ele>
      </trkpt>
      <trkpt lat="-6.609617" lon="106.914924">
        <ele>542.97</ele>
      </trkpt>
      <trkpt lat="-6.609601" lon="106.915083">
        <ele>545.26</ele>
      </trkpt>
      <trkpt lat="-6.609677" lon="106.915285">
        <ele>549.02</ele>
      </trkpt>
      <trkpt lat="-6.609683" lon="106.91533">
        <ele>549.41</ele>
      </trkpt>
      <trkpt lat="-6.609738" lon="106.915772">
        <ele>553.22</ele>
      </trkpt>
      <trkpt lat="-6.609778" lon="106.91591">
        <ele>555.32</ele>
      </trkpt>
      <trkpt lat="-6.609738" lon="106.916001">
        <ele>554.65</ele>
      </trkpt>
      <trkpt lat="-6.609775" lon="106.916124">
        <ele>557.39</ele>
      </trkpt>
      <trkpt lat="-6.60972" lon="106.916197">
        <ele>555.21</ele>
      </trkpt>
      <trkpt lat="-6.609726" lon="106.916338">
        <ele>555.8</ele>
      </trkpt>
      <trkpt lat="-6.609884" lon="106.916562">
        <ele>563.52</ele>
      </trkpt>
      <trkpt lat="-6.610374" lon="106.916709">
        <ele>582.55</ele>
      </trkpt>
      <trkpt lat="-6.610629" lon="106.916803">
        <ele>591.3</ele>
      </trkpt>
      <trkpt lat="-6.610945" lon="106.916858">
        <ele>604.27</ele>
      </trkpt>
      <trkpt lat="-6.611237" lon="106.91699">
        <ele>616.73</ele>
      </trkpt>
      <trkpt lat="-6.611456" lon="106.917097">
        <ele>624.21</ele>
      </trkpt>
      <trkpt lat="-6.611611" lon="106.917195">
        <ele>629.9</ele>
      </trkpt>
      <trkpt lat="-6.611751" lon="106.91736">
        <ele>639.14</ele>
      </trkpt>
      <trkpt lat="-6.611852" lon="106.917345">
        <ele>644.1</ele>
      </trkpt>
      <trkpt lat="-6.611985" lon="106.917256">
        <ele>649.28</ele>
      </trkpt>
      <trkpt lat="-6.612001" lon="106.917239">
        <ele>649.82</ele>
      </trkpt>
      <trkpt lat="-6.611891559052324" lon="106.91713552904332">
        <ele>646.4099948810934</ele>
      </trkpt>
      <trkpt lat="-6.612001" lon="106.917239">
        <ele>649.82</ele>
      </trkpt>
      <trkpt lat="-6.61208" lon="106.917155">
        <ele>652.49</ele>
      </trkpt>
      <trkpt lat="-6.612292" lon="106.917051">
        <ele>662.27</ele>
      </trkpt>
      <trkpt lat="-6.612536" lon="106.91688">
        <ele>664.85</ele>
      </trkpt>
      <trkpt lat="-6.612603" lon="106.916898">
        <ele>666.5</ele>
      </trkpt>
      <trkpt lat="-6.612715" lon="106.917024">
        <ele>674.1</ele>
      </trkpt>
      <trkpt lat="-6.612897" lon="106.917155">
        <ele>681.47</ele>
      </trkpt>
      <trkpt lat="-6.613025" lon="106.917238">
        <ele>685.74</ele>
      </trkpt>
      <trkpt lat="-6.613116" lon="106.917226">
        <ele>683.82</ele>
      </trkpt>
      <trkpt lat="-6.613162" lon="106.91729">
        <ele>687.76</ele>
      </trkpt>
      <trkpt lat="-6.613591" lon="106.917465">
        <ele>700.07</ele>
      </trkpt>
      <trkpt lat="-6.613685" lon="106.91752">
        <ele>704.27</ele>
      </trkpt>
      <trkpt lat="-6.613606" lon="106.917688">
        <ele>715</ele>
      </trkpt>
      <trkpt lat="-6.613536" lon="106.917731">
        <ele>717.8</ele>
      </trkpt>
      <trkpt lat="-6.613411" lon="106.917902">
        <ele>727.92</ele>
      </trkpt>
      <trkpt lat="-6.613287" lon="106.918074">
        <ele>735.8</ele>
      </trkpt>
      <trkpt lat="-6.613177" lon="106.918202">
        <ele>741.22</ele>
      </trkpt>
      <trkpt lat="-6.613068" lon="106.918349">
        <ele>746.55</ele>
      </trkpt>
      <trkpt lat="-6.612931" lon="106.918502">
        <ele>751.99</ele>
      </trkpt>
      <trkpt lat="-6.612794" lon="106.91856">
        <ele>751.67</ele>
      </trkpt>
      <trkpt lat="-6.612739" lon="106.918625">
        <ele>751.51</ele>
      </trkpt>
      <trkpt lat="-6.612764" lon="106.918686">
        <ele>753.15</ele>
      </trkpt>
      <trkpt lat="-6.612949" lon="106.918735">
        <ele>753.27</ele>
      </trkpt>
      <trkpt lat="-6.613074" lon="106.918707">
        <ele>753.14</ele>
      </trkpt>
      <trkpt lat="-6.613192" lon="106.918662">
        <ele>752.26</ele>
      </trkpt>
      <trkpt lat="-6.613645" lon="106.918487">
        <ele>748.87</ele>
      </trkpt>
      <trkpt lat="-6.613794" lon="106.918407">
        <ele>745.94</ele>
      </trkpt>
      <trkpt lat="-6.614168" lon="106.91827">
        <ele>742.46</ele>
      </trkpt>
      <trkpt lat="-6.614235" lon="106.918273">
        <ele>742.7</ele>
      </trkpt>
      <trkpt lat="-6.614314" lon="106.918202">
        <ele>744.45</ele>
      </trkpt>
      <trkpt lat="-6.614584" lon="106.91814">
        <ele>751.39</ele>
      </trkpt>
      <trkpt lat="-6.614854" lon="106.918078">
        <ele>761.35</ele>
      </trkpt>
      <trkpt lat="-6.615257" lon="106.917988">
        <ele>781.02</ele>
      </trkpt>
      <trkpt lat="-6.615619" lon="106.918156">
        <ele>790.64</ele>
      </trkpt>
      <trkpt lat="-6.616175" lon="106.918499">
        <ele>794.57</ele>
      </trkpt>
      <trkpt lat="-6.616206" lon="106.918551">
        <ele>796.62</ele>
      </trkpt>
      <trkpt lat="-6.616153166499032" lon="106.91858278204353">
        <ele>800.5899851210388</ele>
      </trkpt>
      <trkpt lat="-6.616153166499032" lon="106.91858278204353">
        <ele>800.5899851210388</ele>
      </trkpt>
      <trkpt lat="-6.616781316258226" lon="106.91917681858803">
        <ele>840.999795227631</ele>
      </trkpt>
      <trkpt lat="-6.616781316258226" lon="106.91917681858803">
        <ele>840.999795227631</ele>
      </trkpt>
      <trkpt lat="-6.6167574393006845" lon="106.9194261291288">
        <ele>852.1940556810896</ele>
      </trkpt>
      <trkpt lat="-6.6167574393006845" lon="106.9194261291288">
        <ele>852.1940556810896</ele>
      </trkpt>
      <trkpt lat="-6.617016476760426" lon="106.9196784915656">
        <ele>857.8675398706691</ele>
      </trkpt>
      <trkpt lat="-6.617443358437879" lon="106.91982074142646">
        <ele>860.626298322445</ele>
      </trkpt>
      <trkpt lat="-6.61752367403534" lon="106.91984750500797">
        <ele>860.2116481118085</ele>
      </trkpt>
      <trkpt lat="-6.61752367403534" lon="106.91984750500797">
        <ele>860.2116481118085</ele>
      </trkpt>
      <trkpt lat="-6.61752367403534" lon="106.91984750500797">
        <ele>860.2116481118085</ele>
      </trkpt>
      <trkpt lat="-6.617971539724935" lon="106.91980710348324">
        <ele>856.4135606015233</ele>
      </trkpt>
      <trkpt lat="-6.618278237923619" lon="106.91977943653944">
        <ele>857.9832435708404</ele>
      </trkpt>
      <trkpt lat="-6.618278237923619" lon="106.91977943653944">
        <ele>857.9832435708404</ele>
      </trkpt>
      <trkpt lat="-6.618719705229708" lon="106.9198654550932">
        <ele>863.7502384801628</ele>
      </trkpt>
      <trkpt lat="-6.618796311110344" lon="106.91988038151464">
        <ele>865.40643101139</ele>
      </trkpt>
      <trkpt lat="-6.619242373071775" lon="106.9198232290453">
        <ele>882.0612746504016</ele>
      </trkpt>
      <trkpt lat="-6.619255891707098" lon="106.9198214969465">
        <ele>882.7202464375878</ele>
      </trkpt>
      <trkpt lat="-6.619255891707098" lon="106.9198214969465">
        <ele>882.7202464375878</ele>
      </trkpt>
      <trkpt lat="-6.619697934779716" lon="106.91973852903685">
        <ele>909.8491126381559</ele>
      </trkpt>
      <trkpt lat="-6.619748895873343" lon="106.91972896405173">
        <ele>913.2657678094693</ele>
      </trkpt>
      <trkpt lat="-6.619748895873343" lon="106.91972896405173">
        <ele>913.2657678094693</ele>
      </trkpt>
      <trkpt lat="-6.620188429598855" lon="106.91982449240957">
        <ele>921.6895827519785</ele>
      </trkpt>
      <trkpt lat="-6.620268057098206" lon="106.91984179866803">
        <ele>920.2688165219475</ele>
      </trkpt>
      <trkpt lat="-6.620268057098206" lon="106.91984179866803">
        <ele>923.2851785022806</ele>
      </trkpt>
      <trkpt lat="-6.620236" lon="106.919804">
        <ele>924.4</ele>
      </trkpt>
      <trkpt lat="-6.620197" lon="106.919696">
        <ele>926.87</ele>
      </trkpt>
      <trkpt lat="-6.620207" lon="106.919527">
        <ele>927.15</ele>
      </trkpt>
      <trkpt lat="-6.620224" lon="106.919466">
        <ele>925.8</ele>
      </trkpt>
      <trkpt lat="-6.620047545230577" lon="106.91941375133314">
        <ele>926.2286069840463</ele>
      </trkpt>
      <trkpt lat="-6.620224" lon="106.919466">
        <ele>925.8</ele>
      </trkpt>
      <trkpt lat="-6.620266" lon="106.919322">
        <ele>922.65</ele>
      </trkpt>
      <trkpt lat="-6.620482" lon="106.918988">
        <ele>913.24</ele>
      </trkpt>
      <trkpt lat="-6.620464" lon="106.918631">
        <ele>903.62</ele>
      </trkpt>
      <trkpt lat="-6.62051" lon="106.918116">
        <ele>896.41</ele>
      </trkpt>
      <trkpt lat="-6.620541" lon="106.917945">
        <ele>895.49</ele>
      </trkpt>
      <trkpt lat="-6.620565" lon="106.91781">
        <ele>894.28</ele>
      </trkpt>
      <trkpt lat="-6.62052" lon="106.917508">
        <ele>891.63</ele>
      </trkpt>
      <trkpt lat="-6.620492" lon="106.917322">
        <ele>887.55</ele>
      </trkpt>
      <trkpt lat="-6.620492" lon="106.917058">
        <ele>880.04</ele>
      </trkpt>
      <trkpt lat="-6.620376" lon="106.916626">
        <ele>862.74</ele>
      </trkpt>
      <trkpt lat="-6.62051" lon="106.916329">
        <ele>843.58</ele>
      </trkpt>
      <trkpt lat="-6.620662" lon="106.916009">
        <ele>819.23</ele>
      </trkpt>
      <trkpt lat="-6.620892" lon="106.915787">
        <ele>797.58</ele>
      </trkpt>
      <trkpt lat="-6.62116" lon="106.915429">
        <ele>769.86</ele>
      </trkpt>
      <trkpt lat="-6.621293" lon="106.915165">
        <ele>753.63</ele>
      </trkpt>
      <trkpt lat="-6.621326" lon="106.915012">
        <ele>746.22</ele>
      </trkpt>
      <trkpt lat="-6.621365" lon="106.914942">
        <ele>742.08</ele>
      </trkpt>
      <trkpt lat="-6.621415" lon="106.914913">
        <ele>739.08</ele>
      </trkpt>
      <trkpt lat="-6.621453" lon="106.914923">
        <ele>737.92</ele>
      </trkpt>
      <trkpt lat="-6.621549" lon="106.914989">
        <ele>735.8</ele>
      </trkpt>
      <trkpt lat="-6.621722" lon="106.91504">
        <ele>728.17</ele>
      </trkpt>
      <trkpt lat="-6.621823" lon="106.915119">
        <ele>724.19</ele>
      </trkpt>
      <trkpt lat="-6.621939" lon="106.915244">
        <ele>721.19</ele>
      </trkpt>
      <trkpt lat="-6.622008" lon="106.915425">
        <ele>724.29</ele>
      </trkpt>
      <trkpt lat="-6.62206" lon="106.915697">
        <ele>731.93</ele>
      </trkpt>
      <trkpt lat="-6.62204" lon="106.915743">
        <ele>734.26</ele>
      </trkpt>
      <trkpt lat="-6.622085" lon="106.915826">
        <ele>735.37</ele>
      </trkpt>
      <trkpt lat="-6.622143" lon="106.915903">
        <ele>735.36</ele>
      </trkpt>
      <trkpt lat="-6.622244" lon="106.916095">
        <ele>737.26</ele>
      </trkpt>
      <trkpt lat="-6.622344" lon="106.916187">
        <ele>734.14</ele>
      </trkpt>
      <trkpt lat="-6.622445" lon="106.916237">
        <ele>729.73</ele>
      </trkpt>
      <trkpt lat="-6.622529" lon="106.916244">
        <ele>725.1</ele>
      </trkpt>
      <trkpt lat="-6.622608" lon="106.916236">
        <ele>720.83</ele>
      </trkpt>
      <trkpt lat="-6.622702" lon="106.916177">
        <ele>715.2</ele>
      </trkpt>
      <trkpt lat="-6.62282" lon="106.916046">
        <ele>707.11</ele>
      </trkpt>
      <trkpt lat="-6.622991" lon="106.9159">
        <ele>697.54</ele>
      </trkpt>
      <trkpt lat="-6.623154" lon="106.91567">
        <ele>687.06</ele>
      </trkpt>
      <trkpt lat="-6.623496" lon="106.91557">
        <ele>675.74</ele>
      </trkpt>
      <trkpt lat="-6.623576" lon="106.915523">
        <ele>672.59</ele>
      </trkpt>
      <trkpt lat="-6.623749" lon="106.915281">
        <ele>664.24</ele>
      </trkpt>
      <trkpt lat="-6.623883" lon="106.91517">
        <ele>661.31</ele>
      </trkpt>
      <trkpt lat="-6.6239" lon="106.915081">
        <ele>660.07</ele>
      </trkpt>
      <trkpt lat="-6.623873" lon="106.914951">
        <ele>658.24</ele>
      </trkpt>
      <trkpt lat="-6.623821" lon="106.914818">
        <ele>655.9</ele>
      </trkpt>
      <trkpt lat="-6.623731" lon="106.914744">
        <ele>654.23</ele>
      </trkpt>
      <trkpt lat="-6.623695" lon="106.914628">
        <ele>652.52</ele>
      </trkpt>
      <trkpt lat="-6.62364" lon="106.914543">
        <ele>650.91</ele>
      </trkpt>
      <trkpt lat="-6.62362" lon="106.914461">
        <ele>649.38</ele>
      </trkpt>
      <trkpt lat="-6.623568" lon="106.91431">
        <ele>646.55</ele>
      </trkpt>
      <trkpt lat="-6.623558" lon="106.914253">
        <ele>645.43</ele>
      </trkpt>
      <trkpt lat="-6.623558" lon="106.914184">
        <ele>644.31</ele>
      </trkpt>
      <trkpt lat="-6.623588" lon="106.914107">
        <ele>643.57</ele>
      </trkpt>
      <trkpt lat="-6.623616" lon="106.914005">
        <ele>642.98</ele>
      </trkpt>
      <trkpt lat="-6.623602" lon="106.913936">
        <ele>642.33</ele>
      </trkpt>
      <trkpt lat="-6.623621" lon="106.913866">
        <ele>642.39</ele>
      </trkpt>
      <trkpt lat="-6.623638" lon="106.913819">
        <ele>643.01</ele>
      </trkpt>
      <trkpt lat="-6.623634" lon="106.913757">
        <ele>643.22</ele>
      </trkpt>
      <trkpt lat="-6.6236" lon="106.913694">
        <ele>642.94</ele>
      </trkpt>
      <trkpt lat="-6.623563" lon="106.913564">
        <ele>643.05</ele>
      </trkpt>
      <trkpt lat="-6.623591" lon="106.913434">
        <ele>644.29</ele>
      </trkpt>
      <trkpt lat="-6.623634" lon="106.913391">
        <ele>645.42</ele>
      </trkpt>
      <trkpt lat="-6.62365" lon="106.913343">
        <ele>646.19</ele>
      </trkpt>
      <trkpt lat="-6.623667" lon="106.913169">
        <ele>648.63</ele>
      </trkpt>
      <trkpt lat="-6.623663" lon="106.91312">
        <ele>649.2</ele>
      </trkpt>
      <trkpt lat="-6.62369" lon="106.91281">
        <ele>655.26</ele>
      </trkpt>
      <trkpt lat="-6.623671" lon="106.912749">
        <ele>656.36</ele>
      </trkpt>
      <trkpt lat="-6.623624" lon="106.912703">
        <ele>656.44</ele>
      </trkpt>
      <trkpt lat="-6.623566" lon="106.912661">
        <ele>656.04</ele>
      </trkpt>
      <trkpt lat="-6.623494" lon="106.91259">
        <ele>655.99</ele>
      </trkpt>
      <trkpt lat="-6.623456" lon="106.912541">
        <ele>656.31</ele>
      </trkpt>
      <trkpt lat="-6.623449" lon="106.91248">
        <ele>657.77</ele>
      </trkpt>
      <trkpt lat="-6.623478" lon="106.91241">
        <ele>660.13</ele>
      </trkpt>
      <trkpt lat="-6.623552" lon="106.912393">
        <ele>662.42</ele>
      </trkpt>
      <trkpt lat="-6.623779" lon="106.912312">
        <ele>670.18</ele>
      </trkpt>
      <trkpt lat="-6.623933" lon="106.912237">
        <ele>674.22</ele>
      </trkpt>
      <trkpt lat="-6.624053" lon="106.912154">
        <ele>678.42</ele>
      </trkpt>
      <trkpt lat="-6.624184" lon="106.912033">
        <ele>683.48</ele>
      </trkpt>
      <trkpt lat="-6.624224" lon="106.912009">
        <ele>684.85</ele>
      </trkpt>
      <trkpt lat="-6.624314" lon="106.911982">
        <ele>687.23</ele>
      </trkpt>
      <trkpt lat="-6.62441" lon="106.911982">
        <ele>688.35</ele>
      </trkpt>
      <trkpt lat="-6.624485" lon="106.911972">
        <ele>689.32</ele>
      </trkpt>
      <trkpt lat="-6.624575" lon="106.911907">
        <ele>691.07</ele>
      </trkpt>
      <trkpt lat="-6.624591" lon="106.911867">
        <ele>691.88</ele>
      </trkpt>
      <trkpt lat="-6.624591" lon="106.911821">
        <ele>692.74</ele>
      </trkpt>
      <trkpt lat="-6.624565" lon="106.911784">
        <ele>693.5</ele>
      </trkpt>
      <trkpt lat="-6.624461" lon="106.91169">
        <ele>695.05</ele>
      </trkpt>
      <trkpt lat="-6.624434" lon="106.911652">
        <ele>695.26</ele>
      </trkpt>
      <trkpt lat="-6.624429" lon="106.911604">
        <ele>696.19</ele>
      </trkpt>
      <trkpt lat="-6.624434" lon="106.911534">
        <ele>697.9</ele>
      </trkpt>
      <trkpt lat="-6.62445" lon="106.911486">
        <ele>699.31</ele>
      </trkpt>
      <trkpt lat="-6.624474" lon="106.911446">
        <ele>700.31</ele>
      </trkpt>
      <trkpt lat="-6.624594" lon="106.911298">
        <ele>702.88</ele>
      </trkpt>
      <trkpt lat="-6.624597" lon="106.911253">
        <ele>703.63</ele>
      </trkpt>
      <trkpt lat="-6.624567" lon="106.911119">
        <ele>705.64</ele>
      </trkpt>
      <trkpt lat="-6.624591" lon="106.911057">
        <ele>706.69</ele>
      </trkpt>
      <trkpt lat="-6.624634" lon="106.910998">
        <ele>708.15</ele>
      </trkpt>
      <trkpt lat="-6.624671" lon="106.910971">
        <ele>709.03</ele>
      </trkpt>
      <trkpt lat="-6.624703" lon="106.910934">
        <ele>709.97</ele>
      </trkpt>
      <trkpt lat="-6.62473" lon="106.910829">
        <ele>711.25</ele>
      </trkpt>
      <trkpt lat="-6.624773" lon="106.910773">
        <ele>712.47</ele>
      </trkpt>
      <trkpt lat="-6.624894" lon="106.910711">
        <ele>713.17</ele>
      </trkpt>
      <trkpt lat="-6.625002" lon="106.910695">
        <ele>713.61</ele>
      </trkpt>
      <trkpt lat="-6.624983" lon="106.910618">
        <ele>713.14</ele>
      </trkpt>
      <trkpt lat="-6.625084" lon="106.910633">
        <ele>713.71</ele>
      </trkpt>
      <trkpt lat="-6.625179" lon="106.910616">
        <ele>714</ele>
      </trkpt>
      <trkpt lat="-6.625279" lon="106.91064">
        <ele>714</ele>
      </trkpt>
      <trkpt lat="-6.625497" lon="106.910656">
        <ele>715.79</ele>
      </trkpt>
      <trkpt lat="-6.62573" lon="106.910549">
        <ele>717.7</ele>
      </trkpt>
      <trkpt lat="-6.625977" lon="106.91048">
        <ele>721.64</ele>
      </trkpt>
      <trkpt lat="-6.626191" lon="106.910409">
        <ele>728.13</ele>
      </trkpt>
      <trkpt lat="-6.626218" lon="106.910392">
        <ele>729.47</ele>
      </trkpt>
      <trkpt lat="-6.626231" lon="106.910357">
        <ele>730.5</ele>
      </trkpt>
      <trkpt lat="-6.626205" lon="106.91025">
        <ele>730.19</ele>
      </trkpt>
      <trkpt lat="-6.626196" lon="106.910118">
        <ele>730.45</ele>
      </trkpt>
      <trkpt lat="-6.62617" lon="106.910054">
        <ele>728.94</ele>
      </trkpt>
      <trkpt lat="-6.626164" lon="106.909945">
        <ele>727.95</ele>
      </trkpt>
      <trkpt lat="-6.626177" lon="106.909887">
        <ele>727.83</ele>
      </trkpt>
      <trkpt lat="-6.62621" lon="106.90983">
        <ele>728.33</ele>
      </trkpt>
      <trkpt lat="-6.626268" lon="106.909781">
        <ele>730.28</ele>
      </trkpt>
      <trkpt lat="-6.626418" lon="106.909694">
        <ele>734.69</ele>
      </trkpt>
      <trkpt lat="-6.626574" lon="106.909555">
        <ele>735.84</ele>
      </trkpt>
      <trkpt lat="-6.626705" lon="106.909404">
        <ele>733.92</ele>
      </trkpt>
      <trkpt lat="-6.626785" lon="106.909332">
        <ele>733.16</ele>
      </trkpt>
      <trkpt lat="-6.626885" lon="106.909263">
        <ele>733.25</ele>
      </trkpt>
      <trkpt lat="-6.62706" lon="106.909173">
        <ele>733.53</ele>
      </trkpt>
      <trkpt lat="-6.627145" lon="106.909147">
        <ele>733.64</ele>
      </trkpt>
      <trkpt lat="-6.62731" lon="106.909112">
        <ele>734.57</ele>
      </trkpt>
      <trkpt lat="-6.627443" lon="106.909051">
        <ele>734.41</ele>
      </trkpt>
      <trkpt lat="-6.627494" lon="106.908993">
        <ele>734.22</ele>
      </trkpt>
      <trkpt lat="-6.627529" lon="106.908968">
        <ele>734.43</ele>
      </trkpt>
      <trkpt lat="-6.62755" lon="106.90893">
        <ele>734.42</ele>
      </trkpt>
      <trkpt lat="-6.627547" lon="106.908916">
        <ele>734.39</ele>
      </trkpt>
      <trkpt lat="-6.627547" lon="106.908916">
        <ele>734.39</ele>
      </trkpt>
      <trkpt lat="-6.627522" lon="106.908817">
        <ele>734.16</ele>
      </trkpt>
      <trkpt lat="-6.627501" lon="106.908767">
        <ele>734.08</ele>
      </trkpt>
      <trkpt lat="-6.627475" lon="106.908729">
        <ele>733.84</ele>
      </trkpt>
      <trkpt lat="-6.627333" lon="106.908613">
        <ele>732.12</ele>
      </trkpt>
      <trkpt lat="-6.627308" lon="106.908585">
        <ele>731.6</ele>
      </trkpt>
      <trkpt lat="-6.62729" lon="106.908546">
        <ele>731.35</ele>
      </trkpt>
      <trkpt lat="-6.627272" lon="106.908359">
        <ele>733.31</ele>
      </trkpt>
      <trkpt lat="-6.627184" lon="106.908079">
        <ele>732.15</ele>
      </trkpt>
      <trkpt lat="-6.627166" lon="106.90798">
        <ele>731.43</ele>
      </trkpt>
      <trkpt lat="-6.627157" lon="106.907872">
        <ele>730.88</ele>
      </trkpt>
      <trkpt lat="-6.627161" lon="106.907735">
        <ele>729.89</ele>
      </trkpt>
      <trkpt lat="-6.627178" lon="106.907597">
        <ele>729.26</ele>
      </trkpt>
      <trkpt lat="-6.627236" lon="106.907353">
        <ele>726.89</ele>
      </trkpt>
      <trkpt lat="-6.627268" lon="106.907265">
        <ele>725.39</ele>
      </trkpt>
      <trkpt lat="-6.627307" lon="106.907188">
        <ele>724.16</ele>
      </trkpt>
      <trkpt lat="-6.627361" lon="106.907123">
        <ele>723.27</ele>
      </trkpt>
      <trkpt lat="-6.627432" lon="106.907068">
        <ele>722.29</ele>
      </trkpt>
      <trkpt lat="-6.627546" lon="106.906999">
        <ele>721.39</ele>
      </trkpt>
      <trkpt lat="-6.627613" lon="106.906943">
        <ele>719.62</ele>
      </trkpt>
      <trkpt lat="-6.627671" lon="106.906879">
        <ele>717.73</ele>
      </trkpt>
      <trkpt lat="-6.627719" lon="106.90681">
        <ele>715.87</ele>
      </trkpt>
      <trkpt lat="-6.627745" lon="106.906747">
        <ele>714.44</ele>
      </trkpt>
      <trkpt lat="-6.627759" lon="106.90668">
        <ele>712.82</ele>
      </trkpt>
      <trkpt lat="-6.627762" lon="106.906407">
        <ele>706.38</ele>
      </trkpt>
      <trkpt lat="-6.627823" lon="106.905982">
        <ele>698.46</ele>
      </trkpt>
      <trkpt lat="-6.627832" lon="106.905818">
        <ele>694.92</ele>
      </trkpt>
      <trkpt lat="-6.627814" lon="106.905701">
        <ele>691.89</ele>
      </trkpt>
      <trkpt lat="-6.627787" lon="106.905638">
        <ele>689.93</ele>
      </trkpt>
      <trkpt lat="-6.627637" lon="106.905459">
        <ele>684.56</ele>
      </trkpt>
      <trkpt lat="-6.627353" lon="106.905133">
        <ele>678.61</ele>
      </trkpt>
      <trkpt lat="-6.627276" lon="106.905035">
        <ele>677.64</ele>
      </trkpt>
      <trkpt lat="-6.627262" lon="106.905006">
        <ele>677.54</ele>
      </trkpt>
      <trkpt lat="-6.627244" lon="106.904917">
        <ele>677.63</ele>
      </trkpt>
      <trkpt lat="-6.627234" lon="106.904822">
        <ele>677.95</ele>
      </trkpt>
      <trkpt lat="-6.62724" lon="106.904537">
        <ele>678.55</ele>
      </trkpt>
      <trkpt lat="-6.627302" lon="106.90427">
        <ele>679.64</ele>
      </trkpt>
      <trkpt lat="-6.62731" lon="106.904138">
        <ele>679.28</ele>
      </trkpt>
      <trkpt lat="-6.627304" lon="106.903991">
        <ele>678.27</ele>
      </trkpt>
      <trkpt lat="-6.627292" lon="106.903871">
        <ele>677.2</ele>
      </trkpt>
      <trkpt lat="-6.627262" lon="106.903715">
        <ele>676.07</ele>
      </trkpt>
      <trkpt lat="-6.627212" lon="106.903511">
        <ele>673.42</ele>
      </trkpt>
      <trkpt lat="-6.627178" lon="106.903425">
        <ele>672.53</ele>
      </trkpt>
      <trkpt lat="-6.627149" lon="106.903383">
        <ele>672.04</ele>
      </trkpt>
      <trkpt lat="-6.627104" lon="106.903353">
        <ele>671.37</ele>
      </trkpt>
      <trkpt lat="-6.626996" lon="106.903335">
        <ele>670.81</ele>
      </trkpt>
      <trkpt lat="-6.626925" lon="106.903344">
        <ele>670.61</ele>
      </trkpt>
      <trkpt lat="-6.626773" lon="106.90339">
        <ele>670.2</ele>
      </trkpt>
      <trkpt lat="-6.626672" lon="106.903409">
        <ele>669.28</ele>
      </trkpt>
      <trkpt lat="-6.626584" lon="106.90336">
        <ele>668.1</ele>
      </trkpt>
      <trkpt lat="-6.626551" lon="106.90332">
        <ele>667.2</ele>
      </trkpt>
      <trkpt lat="-6.626602" lon="106.903309">
        <ele>667.31</ele>
      </trkpt>
      <trkpt lat="-6.626684" lon="106.903272">
        <ele>667.15</ele>
      </trkpt>
      <trkpt lat="-6.626808" lon="106.903194">
        <ele>666.41</ele>
      </trkpt>
      <trkpt lat="-6.626971" lon="106.903115">
        <ele>665.54</ele>
      </trkpt>
      <trkpt lat="-6.627081" lon="106.903089">
        <ele>665.25</ele>
      </trkpt>
      <trkpt lat="-6.627373" lon="106.903085">
        <ele>664.78</ele>
      </trkpt>
      <trkpt lat="-6.627494" lon="106.903124">
        <ele>664.42</ele>
      </trkpt>
      <trkpt lat="-6.627653" lon="106.903217">
        <ele>664.78</ele>
      </trkpt>
      <trkpt lat="-6.627768" lon="106.903236">
        <ele>664.07</ele>
      </trkpt>
      <trkpt lat="-6.627806" lon="106.903228">
        <ele>663.7</ele>
      </trkpt>
      <trkpt lat="-6.627892" lon="106.903178">
        <ele>662.41</ele>
      </trkpt>
      <trkpt lat="-6.62799" lon="106.903138">
        <ele>661.39</ele>
      </trkpt>
      <trkpt lat="-6.62801" lon="106.903136">
        <ele>661.3</ele>
      </trkpt>
      <trkpt lat="-6.628119" lon="106.903171">
        <ele>660.74</ele>
      </trkpt>
      <trkpt lat="-6.62816" lon="106.903197">
        <ele>660.56</ele>
      </trkpt>
      <trkpt lat="-6.628213" lon="106.90328">
        <ele>660.49</ele>
      </trkpt>
      <trkpt lat="-6.628244" lon="106.903368">
        <ele>660.78</ele>
      </trkpt>
      <trkpt lat="-6.628249" lon="106.903482">
        <ele>661.42</ele>
      </trkpt>
      <trkpt lat="-6.62826" lon="106.903554">
        <ele>661.76</ele>
      </trkpt>
      <trkpt lat="-6.628279" lon="106.903603">
        <ele>661.75</ele>
      </trkpt>
      <trkpt lat="-6.628309" lon="106.903646">
        <ele>661.76</ele>
      </trkpt>
      <trkpt lat="-6.628327" lon="106.903655">
        <ele>661.75</ele>
      </trkpt>
      <trkpt lat="-6.628411" lon="106.903659">
        <ele>661.88</ele>
      </trkpt>
      <trkpt lat="-6.628455" lon="106.903637">
        <ele>662.26</ele>
      </trkpt>
      <trkpt lat="-6.628505" lon="106.903596">
        <ele>662.62</ele>
      </trkpt>
      <trkpt lat="-6.628548" lon="106.903532">
        <ele>662.53</ele>
      </trkpt>
      <trkpt lat="-6.628646" lon="106.903344">
        <ele>660.6</ele>
      </trkpt>
      <trkpt lat="-6.628706" lon="106.903202">
        <ele>659.65</ele>
      </trkpt>
      <trkpt lat="-6.628808" lon="106.902852">
        <ele>656.35</ele>
      </trkpt>
      <trkpt lat="-6.628842" lon="106.902815">
        <ele>656.27</ele>
      </trkpt>
      <trkpt lat="-6.628878" lon="106.902789">
        <ele>656.37</ele>
      </trkpt>
      <trkpt lat="-6.628941" lon="106.902769">
        <ele>656.45</ele>
      </trkpt>
      <trkpt lat="-6.629007" lon="106.902764">
        <ele>656.42</ele>
      </trkpt>
      <trkpt lat="-6.629314" lon="106.902768">
        <ele>655.18</ele>
      </trkpt>
      <trkpt lat="-6.62949" lon="106.902785">
        <ele>653.12</ele>
      </trkpt>
      <trkpt lat="-6.629539" lon="106.902794">
        <ele>652.54</ele>
      </trkpt>
      <trkpt lat="-6.6296" lon="106.90282">
        <ele>651.89</ele>
      </trkpt>
      <trkpt lat="-6.629687" lon="106.902895">
        <ele>651.81</ele>
      </trkpt>
      <trkpt lat="-6.629752" lon="106.902914">
        <ele>651.88</ele>
      </trkpt>
      <trkpt lat="-6.629805" lon="106.90291">
        <ele>652.09</ele>
      </trkpt>
      <trkpt lat="-6.630056" lon="106.902828">
        <ele>651.98</ele>
      </trkpt>
      <trkpt lat="-6.630334" lon="106.902797">
        <ele>650.83</ele>
      </trkpt>
      <trkpt lat="-6.630554" lon="106.902815">
        <ele>650.38</ele>
      </trkpt>
      <trkpt lat="-6.630695" lon="106.902815">
        <ele>650.14</ele>
      </trkpt>
      <trkpt lat="-6.630808" lon="106.902796">
        <ele>649.66</ele>
      </trkpt>
      <trkpt lat="-6.63096" lon="106.902827">
        <ele>649.27</ele>
      </trkpt>
      <trkpt lat="-6.631181" lon="106.902715">
        <ele>645.93</ele>
      </trkpt>
      <trkpt lat="-6.63166" lon="106.902625">
        <ele>641.02</ele>
      </trkpt>
      <trkpt lat="-6.631675" lon="106.902672">
        <ele>641.51</ele>
      </trkpt>
      <trkpt lat="-6.631725" lon="106.90277">
        <ele>642.39</ele>
      </trkpt>
      <trkpt lat="-6.631758" lon="106.902813">
        <ele>642.69</ele>
      </trkpt>
      <trkpt lat="-6.631816" lon="106.902853">
        <ele>642.83</ele>
      </trkpt>
      <trkpt lat="-6.632134" lon="106.902973">
        <ele>641.72</ele>
      </trkpt>
      <trkpt lat="-6.632228" lon="106.903032">
        <ele>641.03</ele>
      </trkpt>
      <trkpt lat="-6.632283" lon="106.903075">
        <ele>640.64</ele>
      </trkpt>
      <trkpt lat="-6.632307" lon="106.903119">
        <ele>640.62</ele>
      </trkpt>
      <trkpt lat="-6.63232" lon="106.903218">
        <ele>640.92</ele>
      </trkpt>
      <trkpt lat="-6.632295" lon="106.903407">
        <ele>640.25</ele>
      </trkpt>
      <trkpt lat="-6.632252" lon="106.903519">
        <ele>640.46</ele>
      </trkpt>
      <trkpt lat="-6.63219" lon="106.903637">
        <ele>640.63</ele>
      </trkpt>
      <trkpt lat="-6.632038" lon="106.903866">
        <ele>642.82</ele>
      </trkpt>
      <trkpt lat="-6.631953" lon="106.904007">
        <ele>645.72</ele>
      </trkpt>
      <trkpt lat="-6.631953" lon="106.9041">
        <ele>646.61</ele>
      </trkpt>
      <trkpt lat="-6.632021" lon="106.904419">
        <ele>645.98</ele>
      </trkpt>
      <trkpt lat="-6.632013" lon="106.904557">
        <ele>646.16</ele>
      </trkpt>
      <trkpt lat="-6.631993" lon="106.904642">
        <ele>646.27</ele>
      </trkpt>
    </trkseg>
  </trk>
</gpx>
